anomaly_id,mission,get_report,get_diagnosis,subsystem,crew_observed,symptom_report,exchange_quote,established_cause,cause_confidence,in_corpus,diagnosed_in_flight,mc_turns,mc_time_s,notes
A07-001,Apollo 7,065:00:00,,comms,false,PCM and voice subcarriers lost at ~65:00:00 on the secondary S-band transponder; downlink telemetry/TV time-shared on FM until crew manually switched to alternate transponder,,"Most likely the transponder select switch (directly above the antenna select switch) was inadvertently thrown during frequent antenna switchings without the required OFF-position hesitation, turning both transponders ON; postflight X-ray, bench, vibration and temperature tests of switch and transponder were all negative. Anomaly closed.",high,,false,,,Anomaly 11.1. Detected by ground-received PM signal-strength drop; crew corrected by switching transponders but root cause is postflight speculation.
A07-002,Apollo 7,,,biomed,true,Several biomedical instrumentation leads broke or disconnected in flight; one dc-dc converter on the suit harness was reported by the crew to be physically hot (crew removed the harness),,"Wire breakage from stiff Teflon insulation and stress-concentrating potting; inline connectors allowed disconnects; connector ends corroded with salt deposits. Worst-case dc-dc converter reached only 120F in ground test. Fixes (PVC insulation, softer potting, eliminated inline connectors) are postflight. Anomaly closed.",high,false,false,,,Anomaly 11.2. Crew reported hot converter and removed harness in flight; full diagnosis postflight.
A07-003,Apollo 7,,,ECLSS,true,Trigger on the water metering dispenser (water gun) became sticky and hard to operate; postflight activation force 11 lb vs 4 lb spec,,Forward (metering) O-ring swelled 0.004-0.013 in oversize due to sodium hypochlorite in the drinking water; O-ring material changed to ethylene propylene. Anomaly closed.,high,true,false,,,Anomaly 11.3. Crew-reported symptom; cause found postflight.
A07-004,Apollo 7,,,GNC,true,"Total attitude on FDAI no.1 shifted ~160 deg in pitch when attitude source switched from G&N to SCS; first shift noted by crew ~1 min after switching, immediate on later attempts",,A tin/silver solder ball found in a switching relay (in the electronic display assembly) that selects sine/cosine resolver outputs; large enough to cause the shift except the 1-minute delay. Could not be reproduced with flight hardware. Anomaly closed.,high,true,false,,,Anomaly 11.4. Crew-noted; diagnosis via ground/postflight relay teardown.
A07-005,Apollo 7,,,GNC,true,Rotation hand controller no.2 failed to generate the second of a series of minus-pitch minimum-impulse commands; engines fired with no controller movement when mode switched to acceleration command; self-corrected after several hours,,"Probable temporary failure of a breakout microswitch to open (sticky cam operation, a known tendency of this controller design); not reproduced postflight. Later spacecraft (103+) use improved design. Redundant controllers prevent capability loss. Anomaly closed.",high,true,false,,,Anomaly 11.5. Crew-observed; cause postflight.
A07-006,Apollo 7,,,GNC,false,Entry monitor system delta-V and range-counter circuits malfunctioned prior to lift-off and intermittently in flight (range self-test failed; a 'nine' appeared in the most-significant delta-V digit on switching),,"Poor/high-resistance solder and internal wire-crimp connections (quality problems); range malfunction later disappeared during thermal cycling, delta-V repeated by pressing an internal crimp. Accepted for flight as non-critical. Anomaly slated to close 18 Dec 1968.",high,,false,,,Anomaly 11.6. Predominantly prelaunch/ground self-test detection; postflight quality diagnosis.
A07-007,Apollo 7,,,structures,false,Photographs during revolution 2 showed the +Y SLA adapter panel open only ~25 deg (others ~45 deg); by revolution 19 all four panels were at the normal ~45 deg,,"Panel fully deployed initially then rebounded because its outside retention cable (cork/aluminized-tape wrapped, force-fit in the channel slot) hung up; when the cable later released, slack reeled in and the panel stayed open. Future missions jettison panels (no retention cable). Anomaly closed.",high,,false,,,"Anomaly 11.7. Detected by photo analysis, not crew report."
A07-008,Apollo 7,,,structures,true,Crew reported command module window fogging from a film that built up on the glass during the mission,,Outgassing of room-temperature-cured RTV used in the window area on the edges of the insulation between heat shield and pressure vessel (same as Gemini); duplicated in ground altitude/elevated-temperature tests. Parts to be vacuum pre-cured on CM 104+. Anomaly closed.,high,true,false,,,Anomaly 11.8. Crew-reported; cause via postflight examination.
A07-009,Apollo 7,,,instrumentation,false,High-level commutator in the command module failed ~5 min after turn-on prior to CM/SM separation; lost time-sequencing and cycled through only 18 of 90 data channels; ~15 min of entry data unrecoverable,,"Not duplicated in extensive postflight testing (voltage, vibration, acceleration, temperature, corona, vacuum, EMI). Suspected EMI; adverse EMI test planned. Not used on future CSMs (used on LM-3). Closeout pending.",high,,false,,,Anomaly 11.9. Telemetry-detected (loss of channel sequencing).
A07-010,Apollo 7,,,ECLSS,true,Water leak observed at the B-nut connection to the waste-water overboard quick disconnect during overboard dumps,,Poor metal-on-metal seal at the B-nut connection to the waste-water overboard quick disconnect; Apollo 8+ uses an O-ring instead. Anomaly closed.,high,true,false,,,Anomaly 11.10. Observed in flight during dumps; cause postflight.
A07-011,Apollo 7,,,EPS,true,"Crew reported two AC bus 1 failure indications and one AC bus 1 and 2 failure indication early in the mission; loss verified on onboard meter, restored by resetting AC bus sensors; occurrences coincided with automatic cryo O2 tank fan/heater cycles",,"Corona arcing of AC power within the motor-operated cryogenic fan switch in the service module: an environmental-seal leak dropped internal pressure to the corona threshold as contacts opened. In flight, a procedural change to prevent both tanks' fans cycling simultaneously stopped recurrence for the remaining ~200 h; root corona cause confirmed postflight (a sister switch leaked 7x spec). Manual fan switching adopted. Anomaly closed.",high,true,true,,,Anomaly 11.11. CREW-DIAGNOSED candidate: crew reported the indications and the in-flight correlation with cryo-fan cycling drove a procedural fix. Turn-hunt attempted (NASA AFJ ap07fj day1 URL redirected to a generic resource page; no clean crew-report -> CapCom-diagnosis exchange with GET timestamps located within the fetch budget). Left at -1 per hard rules (no verbatim timestamped exchange). A PAO transcript exists at honeysucklecreek.net/msfn_missions/Apollo_7_mission/A7_PAO_transcript.pdf for future hunting.
A07-012,Apollo 7,,,EPS,false,In-flight charges on entry batteries A and B returned 50-75% less energy than expected; planned charge levels could not be maintained,,High spacecraft charging-circuit (charger-to-battery line) resistance reduced the charging potential; not previously evaluated. Determined analytically on Apollo 7; preflight/inflight/postflight tests with actual circuit resistances reproduced the low energy return. Future spacecraft check individual charger characteristics with line drop. Anomaly closed.,high,,false,,,Anomaly 11.12. Telemetry/data-detected battery charge shortfall; analytical diagnosis.
A07-013,Apollo 7,,,EPS,true,"At CM/SM separation the crew reported caution/warning undervoltage indications, with main buses A and B at 25.0 and 25.1 V (up to 4.5 V lower than expected); recovered above alarm level (~26.2 V) in ~5 min",,"Low-voltage condition from the batteries' mid-range state of charge, low temperature, and zero-g displacement of electrolyte from the plates. Apollo 8 mitigations: warm batteries on main buses ~12 min before separation, gimbal motors on, remove fuel cell 2; and change battery separator to absorptive cellophane. Anomaly closed.",high,true,false,,,Anomaly 11.13. Crew-reported C&W indication at separation; cause analytical/postflight.
A07-014,Apollo 7,,,EPS,false,"Before the 5th SPS maneuver, fuel cell 2 condenser exit temperature rose to 180F (nominal 155-165F); load removed ~54 min to cool; thereafter every load increase drove fuel cell 2 exit temp to 180-190F",,"Malfunctions in the respective secondary bypass (shuttle) valves, per flight data; postflight, similar erratic shuttle-valve operation reproduced with intentional contaminants. Apollo 8 radiator loop drained/flushed/reserviced; filter/valve-protection studies underway. Anomaly closed.",high,,false,,,"Anomaly 11.14. Telemetry-detected temperature rise, managed in real time (load shedding); bypass-valve diagnosis from flight-data analysis. Not counted as a crew-diagnosed air-to-ground exchange."
A07-015,Apollo 7,,,RCS,false,"During postflight testing, high leakage observed through the closed CM RCS oxidizer propellant isolation valves; valves opened when voltage was removed instead of staying closed",,"Bellows damaged by hydraulic hammering during system activation (valves were closed at activation, an unqualified condition), causing the spring/bellows-preloaded valve to open when de-energized. Corrected by procedure: open isolation valves before CM RCS activation. Anomaly closed.",high,,false,,,Anomaly 11.15. Discovered in postflight testing.
A07-016,Apollo 7,,,comms,false,"About 7 min after lift-off, voice communications became garbled and erratic through several ground-station handovers until Simplex-A was selected at ~19 min",,"Improper ground patching procedures and/or malfunctioning receivers at the network stations (e.g., Grand Bahama and Bermuda both patched to air-to-ground 1; VHF uplink not transmitted). Future missions patch voice at a single point at Goddard. Anomaly closed.",high,,false,,,Anomaly 11.16. Ground-segment/procedural problem noticed in flight as garbled voice.
A07-017,Apollo 7,,,ECLSS,true,"Under low, variable heat loads the primary water evaporator operated erratically in automatic mode (apparent wick drying and flash freezing); crew repeatedly serviced it with water, then turned it off",,Automatic-control thermodynamics cause dryout under low cyclic heat loads (as demonstrated with a similar evaporator and verified postflight with the flight unit). Fix: remove sponge material at the boiler-wick temperature sensors to improve response; implemented on CM 106+. Anomaly closed.,high,true,false,,,Anomaly 11.17. Crew observed and managed in flight; corrective mod postflight.
A07-018,Apollo 7,,,ECLSS,true,Moisture condensed on ~200 in of uninsulated coolant lines (radiator-to-ECU and ECU-to-IMU); crew dumped it overboard using the urine transfer hose and cabin enrichment purge assembly,,Condensation on uninsulated coolant lines; the condition was anticipated. Urine transfer hose acceptable for removing free water; lines insulated on spacecraft 106+. Anomaly closed.,high,true,true,,,"Anomaly 11.18. Crew handled in flight and cause was anticipated/known (so diagnosed_in_flight=true), but there is no diagnostic air-to-ground exchange to hunt; left at -1."
A07-019,Apollo 7,,,crew equipment,true,A seam on three food bags split and the crew reported some food crumbled badly,,Defective food bags; for future missions the menu will be changed and food bags inspected for defects. Anomaly closed.,high,false,false,,,Anomaly 11.19. Crew-reported crew-provisions issue.
A07-020,Apollo 7,,,EPS,false,"Entry battery manifold pressure increased to cabin pressure (5 psia), indicating a leak from the cabin into the battery manifold",,"Leak associated with undertorqued B-nut fittings (as seen on spacecraft 2TV-1); postflight leak rate was within spec (B-nuts excluded, batteries removed). Future B-nuts torqued to spec. Crew has manual control of the manifold overboard vent, so no hardware change. Anomaly closed.",high,,false,,,Anomaly 11.20. Telemetry-detected (manifold pressure rise).
A07-021,Apollo 7,,,EPS,true,Sometime during the mission both primary lamps failed in the lower-equipment-bay floodlights,,"Lamp cathodes (filaments) vaporized, raising start-up voltage from ~500 V toward ~1800 V and shorting a 700-V-rated diode in each lamp driver; deterioration worst near mid-rheostat setting. Procedural change (use secondary lamp on full-bright in ground tests). Anomaly still open.",high,true,false,,,Anomaly 11.21. Crew-observed lighting failure; cause postflight; listed as still open in the report.
A07-022,Apollo 7,,,instrumentation,true,"Glass on both mission event timers cracked during the mission, though timer operation was unaffected",,Cause pending failure analyses; interim fix for Apollo 8 is transparent tape over the glass. Mission effectivity of further action pending analysis.,high,true,false,,,Anomaly 11.22. Crew-observed; cause not yet determined at report time.
A07-023,Apollo 7,,,structures,false,Approximately 290 lb of water was found in the docking tunnel,,Leakage through a makeshift ball check valve installed in the top hatch (the normal tunnel pressure-control valve had been rendered inoperative); upper-hatch vent-valve leak 0.5-3.0 gal/min in stable I. No other spacecraft has this peculiarity. Anomaly closed.,high,,false,,,Anomaly 11.23. Found postflight.
A07-024,Apollo 7,,,comms,false,Recovery forces reported the VHF recovery beacon signal was not received while the spacecraft descended on the main parachutes; beacon received after return to stable I,,"No conclusive cause; beacon and antenna operated properly in postflight test, but the antenna was bent and may not have deployed properly until after return to stable I. Anomaly closed.",high,,false,,,"Anomaly 11.24. Detected by recovery forces (ground), not crew diagnosis."
A07-025,Apollo 7,,,ECLSS,true,Crew reported a gurgling sound in the suit supply hoses and observed water droplets at the hose endings (no crew discomfort or hazard),,"Free water from the water separator not operating properly and/or the cyclic accumulator not being cycled properly (often left in manual mode); separator flow rate measured erratic (0.2-15 lb/hr), cause under study. Future procedure: run accumulators in automatic mode. Closure awaits separator flow-rate study.",high,true,false,,,Anomaly 11.25. Crew-reported; cause still under study at report time.
A07-026,Apollo 7,,,instrumentation,false,"Electromagnetic interference events: mission event timer started inadvertently (coincident with an O2 fan cycle), a computer program alarm appeared when interior lights were brightened, and the central timing equipment showed an unexpected reset",,"Electromagnetic interference / voltage transients (timer starts and program alarms previously seen in ground tests); nuisance-level, no performance degradation, no hardware changes warranted. Central timing updated and operated normally afterward. These problems closed.",high,,false,,,Anomaly 11.26. Mix of ground-test and in-flight EMI nuisance events; not crew-diagnosed.
A08-001,Apollo 8,,,GNC,true,Four abnormal Entry Monitor System (EMS) indications: (1) delta-V counter jumped 100 ft/sec during spacecraft/S-IVB separation; (2) after the 3rd midcourse correction the system counted to zero at cutoff then kept counting until crew turned it off; (3) rapidly switching mode from standby to automatic made the delta-V counter jump 19-20 ft/sec; (4) during initial entry the g/velocity scroll trace showed two short incorrect g transients.,,"Postflight tilt-table testing reproduced abnormal accelerometer outputs; inspection found a bubble in the accelerometer damping fluid (case held 1 cc less fluid than filled), with fluid leaking past the O-ring seal near the fill port. Bubble explains the erratic g trace, the random pulses, and the slow drive-to-null after the midcourse correction. Separation counter jump attributed to a logic-race in the sign-change circuit when the counter reads near zero. Seal changed from screw to plug type for CSM 106 and subsequent.",high,true,false,,,"Anomaly 12.1. Crew observed the abnormal EMS indications in flight but the root cause (damping-fluid bubble/leak) was determined only in postflight functional and tilt-table tests. Report states anomaly still OPEN, Anomaly Report to be prepared."
A08-002,Apollo 8,,,structures,true,Visibility through the hatch window degraded to uselessness for visual observation and photography after ~6 hours; the two side windows (1 and 5) fogged to a lesser degree; the two rendezvous windows (2 and 4) stayed usable throughout.,,"Outgassing of silicone oils from the RTV window-sealing material condensing on the inner heat-shield pane, consistent with the Apollo 7 window-fogging analysis. Corrected by a new RTV curing process that greatly reduces residual oils; CM 104 windows 1, 3, 5 refitted with the new-process insulation.",high,true,false,,,Anomaly 12.2. Crew-observed condition; cause already understood from prior Apollo 7 analysis rather than diagnosed in flight. Anomaly CLOSED.
A08-003,Apollo 8,,,ECLSS,true,On the sixth mission day the cabin fans were momentarily turned on and the crew reported that both fans were noisy.,,"Postflight acoustic measurements at all couch/head, work-station and sleep positions found the fan noise level normal versus prior checkout; no blade or bearing damage, no loose objects, no nicked blades (unlike Apollo 7). Noise possibly a resonant condition in the duct system; no further action required because fans are not needed for a comfortable cabin environment.",high,true,false,,,Anomaly 12.3. Crew-reported in flight; assessed as normal in postflight testing. Anomaly CLOSED.
A08-004,Apollo 8,,,ECLSS,true,"The Commander reported that his left shoulder was showered with water at landing, implying sea water entered through the cabin pressure relief valve; crew reported both sides of the valve had been positioned closed per checklist.",,"Postflight testing: valves held to spec at 13 psi closed, only a fine spray at 25 psig with no permanent yield, no salt deposits, cam/lever rigging verified; only negligible sea water could enter by ram effect. The water that drenched the Commander was most likely accumulated internal condensation (Apollo 7 accumulated ~2 quarts on the aft bulkhead) on uninsulated coolant lines. No corrective action required.",high,true,false,,,Anomaly 12.4. Crew-reported at landing; source (condensation vs sea water) determined postflight. Anomaly CLOSED.
A08-005,Apollo 8,,,structures,false,Two of the six steel cables in the command module recovery loop failed while the spacecraft was being hoisted from the sea.,,"Known weakness: the recovery loop had shown numerous failures in tests at snatch loadings equivalent to a 32,000-lb load, so an auxiliary nylon loop (installed by swimmers) with adequate margin was already provided. For CM 108 and subsequent the steel cable is replaced by a nylon recovery loop; until then swimmers install the auxiliary nylon loop.",high,,false,,,"Anomaly 12.5. Occurred during post-splashdown recovery/hoisting, not detected by the flight crew in flight. Anomaly CLOSED."
A08-006,Apollo 8,,,comms,false,During recovery operations the swimmers were unable to communicate with the crew via the intercommunications system; the crew reported the spacecraft intercom switches were in the proper position.,,"Postflight test of the actual swimmer interphone in the recovery configuration gave satisfactory two-way comm to all three crew stations. Most probable cause is outside the spacecraft, associated with operation of the swimmer interphone; interphone-operation training to be emphasized for future flights.",high,,false,,,"Anomaly 12.6. Post-splashdown recovery-operations problem, external to the spacecraft; not a flight-crew inflight diagnosis. Anomaly CLOSED."
A08-007,Apollo 8,,,ECLSS,false,The potable water tank quantity measurement became erratic at 143:53:00 GET. (No actual water leak occurred - correct water quantity was later drained and leak checks were within spec.),,"Disassembly found corrosion in the indicator housing, on the variable resistor, and on the actuator pulley, indicating moisture (urine and possibly waste water) had migrated through the oxygen bleed filter/orifice into the indicator housing and bladder when the tank was full (>~90%, bladder isolates the 20-psig oxygen from the bleed orifice, lowering gas-bladder pressure and letting urine/water in during dumps). Moisture in the variable resistor produces erratic readings. For Apollo 9, potable water fill will be terminated at ~80% of maximum.",medium,,false,,,Anomaly 12.7. Instrumentation/measurement anomaly noted at a specific GET; root cause (contamination/corrosion) found only on postflight disassembly. Anomaly CLOSED.
A08-008,Apollo 8,,,EPS,false,Degradation in fuel cell performance experienced after switching to onboard cryogenics during countdown; gas samples from the fuel cell purge lines showed approximately 8000 ppm nitrogen (spec limit 30 ppm).,,"During ground LOX servicing a facility LOX line leak caused a safety shutdown; the vent/shutdown procedure was incorrect in one step, calling for opening valve 1 instead of valve 2, which let liquid nitrogen flow through valve 1 into the LOX supply line and thus into the fuel cell reactant. Procedures were corrected and verified by test.",high,,false,,,Anomaly 12.8. Pre-launch/countdown ground-servicing event detected by gas sampling; not a flight-crew inflight anomaly. Anomaly CLOSED.
A08-009,Apollo 8,,,crew-health,true,"About 2 hours into his first rest period (~11:00:00 GET) the Commander (Borman), after taking a 100-mg Seconal sleeping tablet, awoke nauseated with a moderate occipital headache; nausea worsened with retching and vomiting twice, plus gastrointestinal distress/loose bowels; symptoms remitted within ~24 hours.",,Tentatively diagnosed in flight by the (chief) medical flight controller as acute viral gastroenteritis (a 24-hr intestinal flu; a 24-hr viral gastroenteritis epidemic was present at Cape Kennedy just before launch); postflight the Commander suggested the symptoms may instead have been a side effect of the sleeping tablet (he had a mild hangover/nausea in preflight trial of the drug). Illness remitted completely with no further treatment.,medium,false,true,,,"SUPPLEMENTARY - from Section 10 Biomedical Evaluation, NOT one of the 8 numbered Section-12 anomalies (so excluded from anomaly_count_in_report=8). This is the classic crew-diagnosed-in-flight Apollo 8 event, but the tentative diagnosis was made by the medical flight controller from a DELAYED-TRANSMISSION recorded voice dump, not a discrete GET-timestamped CapCom air-to-ground back-and-forth. Per the hard rule (turns require a quoted GET-timestamped transcript exchange), human_turns_to_diagnosis left at -1; not hunted further (bounded). Also note all three crew experienced mild motion sickness early in the mission (Section 10)."
A09-001,Apollo 9,003:04:43,003:07:27,RCS,true,Following S-IVB separation the crew lost the ability to translate left during transposition/docking; quad C primary+secondary and quad D secondary propellant isolation valve talkbacks showed barber-pole (closed). Control problem lasted ~12 min.,"003:04:43 Scott: '...We got turned off, turned around, and lined up, and didn't have any left translation for some reason.' 003:05:00 Roosa: 'Roger. Copy, No left translation.' 003:07:27 Scott: '...for some reason we noticed that we didn't have any left translation and tried to figure out why. Finally noticed that the primary quad C and secondary quad C isolation valves were closed, and the secondary Dog was closed... It took us a while to get back after we got that sorted out...' 003:08:21 Roosa: 'Roger, Apollo 9. Copied all that real good.'","Isolation valves found closed; most probable cause a valve closure from mechanical shock at CSM/adapter separation (spring-loaded, magnetically-latched Parker valves). Investigation inconclusive but hardware undamaged; procedures changed to verify valve indications after shock. Anomaly closed.",high,true,true,0,164,CREW SELF-DIAGNOSIS. The crew identified the closed quad C isolation valves onboard during the maneuver (before/at this comm pass) and reopened them without ground help; CapCom Roosa only acknowledged. Turns-to-diagnosis therefore = 0 (no air-to-ground exchange contributed to the diagnosis). The 164 s span is from the crew's first symptom mention (003:04:43) to their self-diagnosis recap (003:07:27); the intervening exchanges concerned an unrelated quad A package-temperature check (~200 F). Further ground discussion occurred at 007:20:18 per AFJ note.
A09-002,Apollo 9,,,GNC,true,Scanning telescope shaft stuck intermittently during first 5 days; mechanical counter shaft became inoperative on day 2 (degree indicators would not move).,,Pin on the 'tenths' drum dropped out of an out-of-tolerance (oversize) hole on the drive hub and jammed/lodged in the anti-backlash gears. Crew freed the shaft via repeated manual-adjust operation; root cause established by postflight teardown. Counters replaced on subsequent CM/LM. Closed.,high,true,false,,,"Crew operated/freed it in flight but the causal diagnosis (out-of-tolerance hole, dislodged pin) came from postflight teardown."
A09-003,Apollo 9,,,EPS,false,"Automatic pressure control of the cryogenic hydrogen tanks failed; heaters did not auto-activate at ~93 hr, then all H2 heaters came on near final undocking and over-pressurized tanks to ~270 psia, requiring manual heater-off.",,Most probable cause an intermittent open-circuit in the motor control circuit (16-gage terminal board) induced by undocking shock. Managed manually for rest of mission; no corrective action for Apollo 10. Closed.,medium,,false,,,First indication noted at 93 hr via heater/pressure behavior (telemetry-detected); cause from postflight analysis.
A09-004,Apollo 9,,,structures,true,"During initial undocking the docking probe did not physically unlatch until the third try; later, with the switch in RETRACT the display showed barber-pole (probe not cocked for docking).",,Extend/release-retract switch not held long enough for the probe to fully extend/cock; design allows latches not to cock if release motors are not energized long enough. Crew cycled the mechanism to get proper (gray) indication. Operations Handbook changed. Closed.,high,true,false,,,"Crew resolved operationally in flight, but the causal diagnosis was ground/postflight analysis; not turn-hunted (Day 4 undocking, ~92-93 hr)."
A09-005,Apollo 9,,,comms,false,Spacecraft/ground command (uplink) system malfunctioned beginning ~109 hr; over 50% of 55 real-time commands not accepted until crew cycled the up-telemetry command/reset switch at ~118:45.,,"No single cause identified; contributing ground conditions (uplink modulation off, decommutator out-of-lock, marginal RF). Low-voltage 'hang-up' of the updata-link program counter reproduced only under special tests but ruled unlikely in flight. Recycle switch to recover. Closed.",high,,false,,,"Ground-detected (commands not accepted); crew action was corrective, not diagnostic. Cause never specifically identified."
A09-006,Apollo 9,,,GNC,false,Entry Monitor System failed to scribe during entry.,,"Scribe coat hardened (moisture ingress via a leaking scroll environmental seal, then slow vacuum-dry at 5 psia over 10 days) so the stylus failed to scribe; Loc-tite contamination on the stylus holder added lag. Corrective changes on CM-106+. Closed.",high,,false,,,Detected/diagnosed postflight via scroll analysis.
A09-007,Apollo 9,,,SPS,true,Eight master alarms from the propellant utilization & gaging system during the 3rd SPS firing indicating excessive propellant unbalance; crew switched to the auxiliary (point-sensor) system.,,"All alarms explainable: capacitance-tube level not settling as fast as expected at start-up, plus an electrical zero bias in the oxidizer measuring circuit after storage-tank depletion, plus a legitimate unbalance. PUGS master-alarm/C&W functions cut on SC-106+. Closed.",high,true,false,,,Crew reacted (switched to aux) but the alarm causes were explained postflight.
A09-008,Apollo 9,,,C&W,true,A master alarm with no caution-and-warning annunciator occurred coincident with (hard) docking; additional unexplained master alarms at deorbit (240:31:20) and after drogue deploy (240:55:45).,,"Not determined. Attributed to a shock-sensitive intermittent external input to the very sensitive (5-microsecond) master-alarm trigger among 69 inputs (e.g., intermittent wiring, shock-sensitive transducer, or system transient). No C&W unit malfunction found in postflight tests. Closed.",high,true,false,,,Cause could not be determined; not diagnosable in flight.
A09-009,Apollo 9,,,EPS,false,Fuel cell 2 condenser exit temperature repeatedly ran outside the normal 155-165 F range (but never above 200 F) between ~88 and ~191 hr.,,Coolant-loop contamination (gelatinous phosphates/solid particles) restricted secondary coolant regenerator bypass-valve travel. Block I (less contamination-prone) valve to be used on SC-110+. Closed.,high,,false,,,Telemetry-detected; cause from ground tests/analysis.
A09-010,Apollo 9,,,lighting,true,Service-module docking (exterior) spotlight failed to operate/deploy; reported by the CMP during the pre-rendezvous lighting check.,,"The deploy circuit breaker was open at launch (per spec, to prevent inadvertent deployment) and had not been closed before the deploy attempt; crew checklist omitted closing it. Checklist changed. Closed.",high,true,false,,,Crew reported; root cause (open breaker / checklist omission) established by ground review.
A09-011,Apollo 9,,,lighting,true,"Crew reported three interior floodlight anomalies: a failed lamp (RH lower equipment bay), a headrest floodlight that overheated with a burning odor, and a failed LH headrest secondary lamp.",,RH-bay primary lamp: total cathode erosion (mechanical bond failure). Headrest 'overheat/odor': normal hot operation of the lens plus odor from touch-up paint (no actual failure). LH headrest secondary lamp: broken wire in the CM. Procedures/notes added. Closed.,high,true,false,,,Diagnosed by functional postflight testing.
A09-012,Apollo 9,,,GNC,true,"On two occasions the command module computer appeared not to receive/act on data entered via the DSKY (a DAP config change before the 6th SPS burn, and a Verb 46 ENTER to deactivate the autopilot).",,"No hardware failure (computer did blank the displays). Both symptoms reproducible by procedural error: pressing PROCEED instead of ENTER in case 1, and a VERB re-keying or a no-action verb in case 2. Closed.",high,true,false,,,Attributed to procedural error via postflight analysis.
A09-013,Apollo 9,,,ECLSS,true,Repressurization of the (ECS) surge tank took an excessive length of time; nominal repressurization achieved after the crew repositioned the tank shutoff valve.,,Decal marking misaligned with the valve detent position (found ~20 deg off postflight); no mechanical valve problem. SC-106 checked for alignment. Closed.,high,true,false,,,"Crew suspected decal misalignment, but this was stated during the postflight systems debriefing; confirmed postflight."
A09-014,Apollo 9,,,structures,false,"After recovery, one docking-ring separation shaped-charge holder was found deformed and out of its channel, protruding several inches beyond the tunnel structure (a parachute-line hazard).",,Free end of the pinned charge holder had only weak cantilever spring retention and came out of the backup-ring channel after the ring was cut; qualification tests had shown holders coming out. Whether the distortion occurred in flight or during recovery is unknown (recovery suspected - no heat discoloration). Retention springs added on SC-106. Closed.,high,,false,,,Found during postflight/recovery inspection.
A09-015,Apollo 9,,,LM DPS,false,"During the first ~35 s of the first (docked) descent-engine firing, the DPS regulator outlet manifold pressure dropped from 235 to 188 psia (should regulate at 247); supercritical helium tank pressure fell 743->711 psia, then cleared.",,"Air drawn into the manifold during launch-pad SHe servicing (manifold pressure dropped to zero because the purge shared the manifold regulator) condensed/froze in the tank heat exchanger, blocking it; blockage cleared ~35 s into the firing. GSE modified for Apollo 10. Closed.",high,,false,,,Telemetry-detected; cause from ground testing.
A09-016,Apollo 9,,,LM DPS,false,Supercritical helium tank pressure for the descent propulsion system decayed at 2.9 psi/hr immediately after the first descent firing shutdown and continued until staging (pressure should always rise under no-flow).,,"~0.1 lb/hr helium leak, probably a defective internal braze in the (internally-brazed, non-inspectable) supercritical-helium squib valve, most likely cracked by squib-firing shock. Apollo 10 uses externally brazed valve. Closed.",high,,false,,,Telemetry-detected; cause from ground tests/analysis.
A09-017,Apollo 9,,,LM,true,The LM tracking light failed shortly after LM (ascent-stage) staging.,,"Most likely a high-voltage breakdown in the pulse-forming network (other candidates: flash-head, HV cable, electronics package). Modified/arc-suppressed configurations qualified for Apollo 10/11. Closed.",medium,false,false,,,"Failure of the CSM-tracked LM light noted operationally (crew_initiated marked true with medium confidence); probable cause from failure-history analysis/testing, not in flight."
A09-018,Apollo 9,,,comms,true,The Lunar Module Pilot's push-to-talk switches (umbilical and attitude-control-assembly) were inoperative at ~89 hr; LMP used VOX for the remainder of LM operations.,,Probable discontinuity (broken wire) in the common wire to the parallel push-to-talk switches (failure of both switches improbable). Troubleshooting/backup-mode procedures added. Closed.,high,true,false,,,Crew worked around via VOX; probable cause from postflight analysis.
A09-019,Apollo 9,,,GNC,true,During the third LM manning a caution-and-warning alarm occurred when the abort guidance system (AGS) was activated (no alarm on prior mannings).,,"Most likely a shorted/broken wire between the abort electronics assembly and the signal-conditioner electronics assembly (or within those or the C&W assembly); AGS calibrated and temperature normal, ruling out real power/temperature limits. Closed.",high,true,false,,,Crew observed the C&W alarm; probable cause from analysis.
A09-020,Apollo 9,,,structures,true,When the LM forward hatch was opened for EVA it tended to bind on top and had to be pushed downward to open.,,Front-face insulation blankets around the hatch protruded below the fixed-structure shielding into the path of the hatch shield lip (clearances found reduced on the Apollo 10 LM; similar conditions inferred on Apollo 9). Hatch shield/trim redesign for Apollo 10+. Closed.,high,true,false,,,Crew reported; cause inferred from postflight inspection of the Apollo 10 LM.
A09-021,Apollo 9,,,structures,true,The LM forward hatch would not stay open during EVA.,,"The door stop (snubber) intended to ride against floor Velcro could, under worst-case tolerances, leave a 0.040-inch clearance to the Velcro, so it failed to hold the door open. Redesigned snubber for Apollo 11+. Closed.",high,true,false,,,Crew reported; cause from tolerance analysis.
A09-022,Apollo 9,,,ECLSS,true,Excessive cabin noise in the LM during helmets-off operation (one crewman improvised earpieces).,,"Noise primarily from cabin fans, glycol pumps and suit compressors; glycol pumps couple acoustic energy into the glycol lines and pressure vessel (dominant). Single-fan procedure, earpieces, and later isolation mods. Closed.",high,true,false,,,Crew reported; sources identified by postflight noise measurements.
A09-023,Apollo 9,,,structures,false,Axial accelerometer data indicated that lateral loads at S-IC (first-stage) shutdown probably caused the LM descent-tank helium diffuser flange to contact the upper-deck sheet-metal flange.,,Lateral loads at S-IC shutdown caused a momentary structural contact; no detectable effect on any system or vehicle performance. Reduced loads predicted for Apollo 10. Closed for Apollo 10 (integrity evaluation continuing for Apollo 11+).,high,,false,,,"Detected via accelerometer/telemetry data, not by the crew."
A09-024,Apollo 9,,,GNC,true,Pressing the DEDA CLEAR pushbutton frequently illuminated the operator-error light; four or five presses were often needed before it stayed out.,,"One of the two CLEAR microswitches intermittently failed to actuate (suspected slightly bent switch leaf or small contamination), so the abort-electronics discrete that resets the shift discrete was not issued and the error light re-lit on release. Switch-jumper mod for Apollo 11+. Closed.",high,true,false,,,Crew reported repeatedly; cause from postflight teardown/analysis (no contamination actually found).
A09-025,Apollo 9,,,LM DPS,true,"During the second descent-engine firing the engine ran rough at about 27% throttle for a few seconds (oxidizer then fuel interface pressures rose, chamber pressure fluctuated), then smoothed out.",,Helium ingestion into the propellant lines (zero-g can uncovered plus lateral/rotational accelerations with ~60% ullage) caused cavitation/chamber-pressure fluctuations; matched ground tests with helium deliberately introduced. No detrimental effect. Closed.,high,true,false,,,Observed in firing data (and by crew); cause established by ground testing.
A09-026,Apollo 9,,,LM APS,false,"At the start of the second ascent-engine firing the regulated helium pressure to the propellant tanks dropped from 186 to 176 psia (nominal 184) for most of the burn, then stepped up to ~179 psia at 290 s until oxidizer depletion.",,Most likely contamination of the class I primary helium regulator (restricting the feedback line or binding the main piston) so the class II regulator controlled; likelihood raised by backflow during a launch-site solenoid-valve replacement (no in-line filter). Assessment pending. Anomaly OPEN.,high,,false,,,The only anomaly the report left OPEN pending detailed test-data review. Telemetry-detected.
A09-027,Apollo 9,,,EVA,true,After the EVA the Lunar Module Pilot removed his liquid-cooled garment and found many air bubbles entrained in the liquid tubes.,,Air ingested through the sublimator into the coolant loop when the PLSS was connected to the LCG in the pressurized cabin (make-up line location draws air whenever LCG pressure is below PLSS pressure). PLSS make-up line relocated for Apollo 11. Closed.,high,false,false,,,Crew noted the bubbles; cause established by analysis/ground tests.
A09-028,Apollo 9,,,EVA,true,"When the crew tried to restow the oxygen purge system (OPS) pallet, the locking pin could not be inserted all the way through the LM bulkhead into the pallet.",,"Bulkhead-bracket hole location plus adjacent-structure interference, poor lighting and an awkward insertion angle. Apollo 9 was the only mission using this pallet/location; OPS relocated and a ball-detent pin used on Apollo 10+. Closed.",high,false,false,,,Crew-encountered stowage difficulty; cause is a design/access issue.
A09-029,Apollo 9,,,EVA,true,"During docking, the sunlit command module background 'washed out' the reticle image of the LM crewman optical alignment sight (COAS).",,"The COAS neutral-density filter (fitted for night star visibility) plus excessive specular reflection off the CM (vehicle/sun/earth geometry) drove the background above ~10,000 foot-lamberts, overwhelming the ~80 foot-lambert reticle. Diffuser glass + snap-on filter and docking-attitude changes for Apollo 10+. Closed.",high,false,false,,,Crew observed during docking; cause from photometric analysis.
A09-030,Apollo 9,,,EVA,true,The checkout light on the Commander's oxygen purge system (OPS) operated erratically during the flight and failed to come on during rendezvous preparations.,,"The main power switch actuator mechanism did not close the switch. Actuator changes (Teflon insert, swivel joint, increased cam rise, bonded cam/switch) for Apollo 10+. Closed.",high,false,false,,,Crew observed erratic/failed light; cause from postflight examination.
A09-031,Apollo 9,,,comms,true,The Commander reported one loss of communications while using the lightweight headset and one while using the communications carrier.,,"Most probable cause a loose airlock sleeve on one of three connectors, or improper mating of the lightweight-headset connector to the suit harness/T-adapter (loose sleeves found postflight). Sleeves to be torqued and Loctited for Apollo 10+. Closed.",high,true,false,,,Crew reported; cause from postflight connector checks.
A10-001,Apollo 10,,,RCS,false,"When CM RCS system B propellant isolation valves were opened ~10 hr before launch, helium manifold pressure dropped from 44 to 37 psia, indicating a ruptured oxidizer burst disc.",,Oxidizer burst disc failed due to overpressure; postflight the oxidizer and fuel discs were similar in appearance confirming pressure failure. Redundant isolation valve allowed launch to proceed. CLOSED.,high,,false,,,Report item 15.1.1. Detected on the ground prelaunch via manifold pressure; managed by procedure.
A10-002,Apollo 10,,,RCS,false,"CM RCS system A helium manifold pressure decayed ~0.13 psi/hr after servicing 3.5 days before launch, dropping from 45 to 37 psia.",,"Slight leak in the low-pressure helium manifold on the fuel leg, at a rate acceptable for the mission; leak self-corrected as mission progressed. Postflight mass-spectrometer check found no leak. CLOSED.",high,,false,,,Report item 15.1.2. Ground-detected prelaunch.
A10-003,Apollo 10,,,GNC,true,"At 98:51:54, following undocking, the CM rendezvous radar transponder would not operate; self-test read all zeros.",,"CMP checked the circuit breaker and cycled the PWR-OFF-HEATER switch to OFF and back to PWR; transponder then worked for the rest of its use. Root cause left as an intermittent fault (SM wiring, power control box, transponder, or switch config); never conclusively isolated. CLOSED.",high,true,true,,,"Report item 15.1.3. CREW-DIAGNOSED/self-restored in flight by switch cycling; no crew-report->CapCom-diagnosis air-to-ground exchange located within the 2-fetch budget, so turns=-1."
A10-004,Apollo 10,,,ECLSS,false,Primary ECS evaporator started after lift-off but dried out after a few minutes; dried out again in second lunar orbit.,,Water-control microswitch actuator overtravel was marginal (as little as 0.0008 in beyond opening point); with environmental changes the switch would not always open to supply water. Found by postflight testing. Crew ran secondary cooling. CLOSED.,high,,false,,,Report item 15.1.4.
A10-005,Apollo 10,,,comms,true,"Twice during revolution 10, LM transmissions on VHF simplex-A were not received in the CM.",,"Most probable cause: due to numerous switch-configuration changes in both vehicles, the two spacecraft were not configured simultaneously for simplex-A. Crew worked around using simplex-B; simplex-A worked later. CLOSED.",medium,true,false,,,Report item 15.1.5. Crew noticed and worked around; probable cause from analysis.
A10-006,Apollo 10,,,EPS,false,"At 120:47, a short circuit in the AC pump package of fuel cell 1 tripped its circuit breaker; breaker could not be reset.",,"Phase-to-phase short, most probably an insulation breakdown in the hydrogen pump stator (hot moist hydrogen degrades insulation); a basic design life-limit. Determined by circuit analysis and endurance-test history. Crew kept the cell operative by managing bus/skin temperature. CLOSED.",high,,false,,,Report item 15.1.7. Detected via tripped breaker/telemetry.
A10-007,Apollo 10,,,EPS,false,"At 166:49, during a fuel-cell 1 hydrogen purge, hydrogen flow decayed abnormally slowly and regulated hydrogen pressure rose to 72 psia before returning to 62 psia.",,"Extended cryogenic purge cooled the regulator below -10 F, causing seal leakage (continued flow); with the vent-line heater off the vent blocked, raising regulated pressure. Reproduced in tests. Extended purges banned for future flights. CLOSED.",high,,false,,,Report item 15.1.8.
A10-008,Apollo 10,,,EPS,false,During the fuel-cell 1 purge the hydrogen automatic pressure control appeared to fail twice to turn tank heaters off; crew switched heaters on/off manually after 170.5 hr.,,"Hydrogen pressure transducers (temperature-compensated only to -20 F) were cold-soaked to -100 to -140 F during the extended purge and drifted upward, creating an apparent loss of automatic control. Determined by test. CLOSED.",high,,false,,,Report item 15.1.9.
A10-009,Apollo 10,,,GNC,true,Crew reported the gyro display coupler drifting excessively in roll and yaw (~5 deg in 20 min).,,"Crew drove the GDC from both gyro assemblies and saw similar indications, isolating the drift to the gyro display coupler itself. Postflight bench tests could not reproduce the reported rate; possibly the divergence was not actually as rapid as it appeared. CLOSED.",medium,true,true,,,Report item 15.1.10. CREW-DIAGNOSED: crew isolated cause to the GDC in flight. No timestamped crew-report->CapCom-diagnosis exchange sought/found; turns=-1.
A10-010,Apollo 10,,,instrumentation,false,Data storage equipment lost data three times during entry (~33 s of PCM and 2 s of voice).,,An outside-to-inside pressure differential of ~2.25 psi deformed the recorder cover into the tape reels; the vent valve cracked at 2.40 psid (high side of spec). Found by postflight testing. CLOSED.,high,,false,,,Report item 15.1.11.
A10-011,Apollo 10,,,GNC,true,The entry-monitor stylus stopped scribing while the scroll was driven to the entry pattern; after slewing back and forth it began cutting through the emulsion.,,"Scroll emulsion hardened due to a recent change in the commercially procured soap formulation (uric acid added), which reacted with the film. Determined postflight. Trace was still normal through entry. CLOSED.",high,true,false,,,Report item 15.1.12.
A10-012,Apollo 10,,,recovery,false,The VHF recovery beacon antenna did not properly deploy (radiating element and three ground-plane radials).,,One radial was caught under the outboard edge of the ramp. Observed in recovery photographs postflight; RF signals were still received. CLOSED.,high,,false,,,Report item 15.1.13.
A10-013,Apollo 10,,,ECLSS,true,Crew reported gas in the ground-serviced potable water; fuel-cell water also contained hydrogen.,,Water serviced non-deaerated under nitrogen at ~20 psia releases gas when drawn into the 5-psia cabin; deaeration would not help (bladder re-saturates). A whirling separator bag flown did not work; a membrane device adopted for future flights. CLOSED.,high,true,false,,,Report item 15.1.14.
A10-014,Apollo 10,,,ECLSS,true,The tunnel between the CM and LM could not be depressurized to ambient through the tunnel vent system.,,An incorrect fitting had been installed on the vent; the proper part was specified in procedures but the end-to-end verification test had been waived on Apollo 10. Found by postflight inspection. CLOSED.,high,true,false,,,Report item 15.1.16. Directly caused the later LM cabin-pressure drop at jettison (15.2.12).
A10-015,Apollo 10,,,structures,true,"When the LM cabin was first pressurized, thermal coating on the CM forward (docking) hatch came off in pieces.",,"Insulation-blanket vent holes were plugged (possibly by preflight 900 F bake weakening the insulation, or holes sealed by RTV/H-film tape), so tunnel depressurization damaged the coating. Insulation deleted for Apollo 11. CLOSED.",high,true,false,,,Report item 15.1.17.
A10-016,Apollo 10,,,EPS,true,"At 134 hr the crew reported fuel-cell 2 condenser exit temperature cycling 149-168 F at ~2 cycles/min, triggering the low-temperature caution/warning about every tenth cycle.",,Condenser-exit temperature disturbances excited oscillations under low radiator temperature (<80 F) and high current (two-fuel-cell operation forced by the fuel-cell 1 pump failure). Mechanism still under study. Non-detrimental nuisance. OPEN.,high,true,false,,,Report item 15.1.21. Listed as OPEN in the report.
A10-017,Apollo 10,,,recovery,false,Recovery forces saw the flashing light operating on the main parachutes but not after landing.,,Postflight the glass tube containing the flashing element was found cracked; replacing the bulb assembly restored operation. Further analysis pending. OPEN; a separate Anomaly Report to be published.,high,,false,,,Report item 15.1.23. Listed as OPEN.
A10-018,Apollo 10,,,GNC,true,A master alarm and engine pitch gimbal fail warning were received during the descent-engine phasing maneuver.,,"Gimbal 'coasting' (spring-loaded brake failing to engage after drive-signal removal) allowed ~0.25 s of uncommanded movement at a command reversal, tripping the fail logic; not detrimental and not unexpected (seen in checkout). Brake redesigned for Apollo 11. CLOSED.",high,true,false,,,Report item 15.2.1.
A10-019,Apollo 10,,,instrumentation,true,"Crew reported three master alarms during the descent-engine phasing maneuver, including a descent propellant low-quantity indication that cleared when the alarm was reset.",,A gas bubble uncovered/latched the low-level propellant sensor; plus a probable intermittent wire/electronics/connector fault (and intermittent tone) to match crew observations. Descent low-quantity alarm removed from master alarm for Apollo 11. CLOSED.,high,true,false,,,Report item 15.2.2.
A10-020,Apollo 10,,,comms,false,At the start of revolution 13 the LM S-band steerable antenna did not track; signal strength gradually fell ~20 dB over 13 min.,,Antenna was not moving; probable cause the track-mode switch was inadvertently left in SLEW or OFF instead of AUTO (crew reported the switch may have been mis-set). Antenna worked before and after. CLOSED.,medium,,false,,,Report item 15.2.4. Ground noticed the signal decay.
A10-021,Apollo 10,,,GNC,true,"Crew reported three optical anomalies with the LM alignment optical telescope: hair-like reticle contamination, a dimmer thumbwheel that fell forward, and stars disappearing ~6 star-diameters from reticle center.",,Reticle contamination via the redirectional-mirror air gap; the dimmer behavior is normal (mechanical cam override); star disappearance likely a contaminated prism surface (e.g. fingerprint smudge). Determined by analysis. CLOSED.,high,true,false,,,Report item 15.2.5 (AOT).
A10-022,Apollo 10,,,ECLSS,true,Crew reported gas in the LM drinking water.,,Nitrogen used to pressurize the water permeates the bladder and saturates the water within ~100 hr; released as pressure drops. Unserviced hose/gun/plumbing added entrapped air. Prelaunch servicing changed. CLOSED.,high,true,false,,,Report item 15.2.6.
A10-023,Apollo 10,,,GNC,true,The LM yaw rate gyro output differed from actual yaw rate for ~50 s before staging and several seconds after (erroneously indicating about -1.7 deg/s).,,"Suspected stiction from contamination lodged in the 0.002-0.003 in float-to-case clearance (this gyro had a contamination/stiction rebuild history), cleared by the high rates after staging. Determined by analysis postflight; the report states the crew diagnosed the gyro problem in flight. CLOSED.",high,true,true,,,"Report item 15.2.10. CREW-DIAGNOSED in flight. Report (15.2.14) states verbatim: 'The gyro problem was properly diagnosed by the crew after a number of hand controller operations.' This was a crew self-diagnosis during a dynamic staging event, not a crew-report->CapCom-diagnosis exchange; the migrated AFJ 'A surprise at staging' page did not render a timestamped transcript (grep found no GET timestamps/speaker lines), so turns=-1 per the hard rule. get_report/get_diagnosis unknown."
A10-024,Apollo 10,,,instrumentation,false,Multiple LM instrumentation discrepancies: RCS chamber-pressure switches failing closed; glycol temperature reading zero on pump-2; RCS-A/B manifold pressure transducers dropping/reading low; cask thermal-shield temperature at upper limit; descent oxidizer tank ullage pressure reading zero on the cabin display.,,Various: particulate/propellant contamination holding pressure-switch diaphragms closed; broken jumper / bad contact in the pump-2 switch position; defective wiring splice or transducer calibration shift; broken wire / failed baroswitch on the cask measurement; transducer or wiring fault on descent oxidizer display. RCS performance unaffected. CLOSED.,high,,false,,,Report item 15.2.11 (grouped instrumentation discrepancies).
A10-025,Apollo 10,,,structures,false,"During LM ascent-stage jettison/separation from the CM, LM cabin pressure dropped rapidly from 4.86 psia to ~0.70 psia (measured by three transducers).",,"Because the tunnel could not be vented (capped vent line, item 15.1.16), separation-pyro pressure loading exceeded the LM upper hatch latch capability; the hatch opened and reclosed within ~0.3 s, venting the cabin. Determined from motion pictures, telemetry, and static hatch pressure-to-failure test (latch failed at 4.1 psid). CLOSED.",high,,false,,,Report item 15.2.12. Crew already back in the CM; telemetry/film-based diagnosis.
A10-026,Apollo 10,,,ECLSS,false,"Indicated LM cabin CO2 rose from 97-101 hr about 8x faster than predicted, then stayed constant for ~5 hr.",,Combination of lithium hydroxide cartridge performance variability (optimistic flight prediction) and CO2-sensor tolerance (+/-10% of full scale); no channeling or bypass found. Adequate for Apollo 11; more testing for longer missions. CLOSED.,high,,false,,,Report item 15.2.13.
A10-027,Apollo 10,,,GNC,true,Large LM attitude excursions before and during staging: body rates of 19 deg/s pitch and >25 deg/s roll and yaw; the AGS mode indication changed from ATT HOLD to AUTO with the vehicle 'wallowing' and gyrating.,,"Concluded (postflight, by elimination of switches/connectors/wiring) to be inadvertent cycling of the abort-guidance mode-control switch to AUTO while the crew reacted to the erroneous yaw rate gyro output; AGS Z-axis steering then commanded the LM to point its Z-axis at the CM. Crew recovered manually in real time. CLOSED.",high,true,false,,,"Report item 15.2.14. The famous LM staging gyrations. Crew recognized/recovered in flight but the documented root cause (inadvertent switch cycling) is a postflight conclusion, hence diagnosed_in_flight=false. No timestamped CapCom diagnostic exchange located; turns=-1."
A10-028,Apollo 10,,,APS,true,The ascent-propulsion low-propellant warning light came on ~1 s after the start of the first ascent-engine firing and triggered a master alarm; it went out ~1 s later.,,A gas bubble momentarily uncovered the (non-latching) oxidizer low-level sensor during the +X settling firing; valid indication. +X settling firing time to be increased. CLOSED.,high,true,false,,,Report item 15.2.15.
A10-029,Apollo 10,,,camera,true,During the low-altitude lunar pass the LM Hasselblad 70-mm camera stopped due to film binding in the magazine.,,"Internal damage to the film-advance mechanism (burrs on the film guide) scraped emulsion onto the rollers, overloading the drive motor until it failed; the 1.6 A fuse protects against shorts but not continuous overload. Found postflight. CLOSED.",high,false,false,,,Report item 15.3.1 (GFE).
A10-030,Apollo 10,,,camera,true,During the low-altitude pass the LM 16-mm camera failed to operate with magazine F installed.,,Marginal clearances at the camera/magazine interface required greater care with magazine F; crew swapped in magazine G and the camera worked (magazine F worked later). Clearance-selection screening added. CLOSED.,high,false,false,,,Report item 15.3.2 (GFE). Crew worked around by swapping magazines; root cause found postflight.
A10-031,Apollo 10,,,camera,true,At ~173 hr (transearth coast) the CM 16-mm camera ceased operating in pulse mode.,,The magazine interlock microswitch failed due to internal contamination and a faulty plunger (a non-high-reliability item). High-reliability microswitches installed for Apollo 11. CLOSED.,high,false,false,,,Report item 15.3.3 (GFE).
A11-001,Apollo 11,,,SPS,false,"During the lunar orbit insertion firing, gaseous nitrogen in the redundant service propulsion engine actuation system decayed from 2307 to 1883 psia, indicating a leak downstream of the injector prevalve; no performance degradation, one system only.",,Contamination-induced failure of a solenoid control valve; suspected source a contaminated vendor facility manifold. Anomaly closed.,high,,false,,,Telemetry-detected during LOI; integral filters added on Apollo 12+.
A11-002,Apollo 11,,,EPS,false,Automatic pressure control data showed one of the two heater elements in cryogenic oxygen tank 2 was inoperative; detected in launch-countdown current readings.,,Probable intermittent contact on a 16-gauge terminal board in the heater circuit; redundant heater so no mission constraint. Anomaly closed.,high,,false,,,Cryogenic oxygen (fuel-cell/ECS) tank heater. Not reported to proper channels preflight because no spec limits were in the test procedure.
A11-003,Apollo 11,,,RCS,false,Minus-yaw engine in command module reaction control system 1 produced low and erratic thrust when fired through the automatic coils; normal on direct coils.,,Two loose pins in the engine-valve terminal board caused intermittent continuity to the automatic coils; improper clip position relative to bus-bar counterbore. Anomaly closed.,medium,,false,,,Verified by spacecraft rates; root cause found in postflight tests.
A11-004,Apollo 11,,,GNC,true,An electroluminescent segment on the entry monitor system velocity counter numeric display would not illuminate.,,"Misrouting of logic wires across terminal strips with sharp ends puncturing insulation, causing shorts (consistent with prior similar cases). Anomaly closed.",high,true,false,,,"Crew-observed display fault; cause established postflight, no in-flight diagnosis exchange."
A11-005,Apollo 11,,,ECLSS,true,"During initial lunar-module pressurization, two master alarms were activated as the oxygen flow rate was decreasing from full scale.",,Open EMI-filter (metalized Mylar) capacitor in the oxygen flow sensing circuit allowed relay K1 chatter that timed out a false master alarm. Nuisance only. Anomaly closed.,high,true,false,,,Same condition seen in altitude-chamber tests preflight; duplicated postflight.
A11-006,Apollo 11,,,RCS,false,The propellant isolation valves on quad B of the service module RCS closed during CSM/S-IVB separation.,,Separation shock closed the magnetically latched valves (similar to Apollo 9); crew checklist already contained precautionary reopen guidance. Anomaly closed.,high,,false,,,Indication/telemetry event.
A11-007,Apollo 11,,,structures,true,An odor similar to burned wire insulation was detected in the docking tunnel when the hatch was first opened; no discoloration or overheating found.,,Outgassing of the docking-hatch ablator (higher ablator temperatures after removal of outer TG-15000 insulation). Anomaly closed.,high,true,false,,,Crew investigated circuits in flight; odor source identified by postflight comparison samples.
A11-008,Apollo 11,,,ECLSS,false,Shortly after launch the oxygen flow-rate indication read at the lower instrumentation limit rather than the nominal metabolic rate.,,Instrumentation bias (~1.5 lb/hr) from an increase in heater-winding resistance (1000 to 1600 ohms) in the flow-sensor bridge; actual flow normal. Anomaly closed.,high,,false,,,Instrumentation-only; confirmed by postflight transducer tests.
A11-009,Apollo 11,,,structures,false,Postflight examination found all but one tie-wrap knot untied on the forward heat shield mortar umbilical lanyard.,,"Installation error: a clove hitch used instead of two half-hitches; could untie and lengthen the lanyard, risking premature disconnect of the forward heat shield mortar umbilical. Anomaly closed.",high,,false,,,Purely postflight finding on CM 107 (and SC 110/111).
A11-010,Apollo 11,,,ECLSS,false,During lunar orbit operations the glycol temperature control valve did not control evaporator inlet temperature; early temperature rise then evaporator outlet dropped to 31 F on revolution 15.,,A bearing retainer in the valve gear train disengaged from its race and interfered with worm-gear travel; high stall thrust loads exceeded the bearing rating. Anomaly closed.,high,,false,,,Anomaly cleared when crew cycled the glycol evaporator temp inlet switch; root cause found by postflight valve teardown.
A11-011,Apollo 11,,,structures,false,"After jettison the service module did not skip out as designed; C-band tracking showed low separation velocity, the crew sighted it ~5 minutes later, and aircraft photos showed it entering and disintegrating near the command module.",,"Propellant sloshing driven by tip-off/precession made the SM unstable, reducing net separation velocity (also seen on Apollo 8 and 10); jettison controller timing revised for Apollo 13+. Anomaly closed.",high,,false,,,Trajectory/design anomaly analyzed postflight; crew sighting noted but not a diagnosis.
A11-012,Apollo 11,,,GNC,true,The crew reported shortly after lunar landing that the mission timer had stopped and could not be restarted; power was removed to let it cool and it was restarted ~11 hours later.,,Most probable cause a cracked solder joint from cordwood construction (differential expansion of potting compound); cooling let the joint remake contact. Anomaly closed.,medium,true,false,,,"Crew reported and empirically worked around (power off to cool); root cause was a postflight probable-cause conclusion, not an in-flight ground diagnosis."
A11-013,Apollo 11,,,propulsion,false,"During simultaneous venting of descent propellant and supercritical helium tanks, fuel froze in the fuel/helium heat exchanger and post-landing engine heat soakback raised trapped-line pressure into an out-of-range regime.",,Fuel frozen in the heat exchanger then thermally expanded by descent-engine heat soakback; line pressure likely 700-800 psia; heat exchanger thawed in ~0.5 hr and pressure decayed harmlessly. Anomaly closed.,high,,false,,,Telemetry-monitored DPS pressure; interface transducer range 0-300 psia so value inferred. Procedure change (close solenoid valve before fuel vent) for later missions.
A11-014,Apollo 11,,,ECLSS,true,Shortly after lunar module ascent the crew reported the carbon dioxide partial pressure indication was high and erratic; switching LiOH canisters had no effect and a caution/warning alarm activated.,,"Free water reached the optical section of the CO2 sensor (condensate from the drain tank leaking up the vent line), disturbing the light-transmission measurement. Anomaly closed; vent line relocated on Apollo 13.",high,true,false,,,Crew reported and tried canister swap; root cause established postflight.
A11-015,Apollo 11,,,comms,false,"When the steerable (S-band) antenna was selected after acquisition on revolution 14, down-link signal strength was lower than predicted and repeatedly dropped to loss-of-lock.",,Antenna pointed into/near vehicle-blockage regions plus multipath from the lunar surface; the Spacecraft Operational Data Book coverage diagram was in error and omitted the added thruster plume deflectors. Anomaly closed.,high,,false,,,Comm-performance anomaly; antenna hardware operated properly. Cause analyzed postflight.
A11-016,Apollo 11,102:38:26,102:38:53,GNC,true,"Five computer (guidance) program alarms of the Executive-overflow type (1202, then a 1201) occurred during powered descent prior to low gate; guidance and control performance was not affected.",102:38:26 Armstrong: 'Program Alarm.' / 102:38:30 Armstrong: 'It's a 1202.' / 102:38:32 Aldrin: '1202.' / 102:38:48 Armstrong: 'Give us a reading on the 1202 program alarm.' / 102:38:53 Duke (CapCom): 'Roger. We got you... we're go on that alarm.',"Rendezvous-radar coupling-data-unit counter interrupts (from a phase mismatch between two 800-Hz references) usurped >10-15% of computer time, causing multiple scheduling of the same job and software restarts; the AGC priority design protected critical guidance jobs. Anomaly closed; Luminary 1B ignores those interrupts.",high,true,true,2,27,"THE crew-report -> real-time ground-diagnosis anomaly. Steve Bales (GUIDO) and backroom Jack Garman assessed the AGC and passed a GO via CapCom Charlie Duke. Turn count counts the crew's alarm report/reading-request downlink and CapCom's GO uplink as the diagnostic exchange (~27 s from first callout at 102:38:26 to GO at 102:38:53). Timestamps corroborated across NASA transcript, ALSJ program-alarms page, and RMG; exact integer turn count is a judgment (2)."
A11-017,Apollo 11,,,EVA,true,Decompression of the cabin prior to extravehicular activity took longer than anticipated (~5 minutes).,,Flow restriction of the bacteria filter in the vent path; removing it on Apollo 12+ cut decompression time to under 2 minutes. Crew could not damage the hatch by opening prematurely. Anomaly closed.,high,false,false,,,Crew-experienced ECLSS/EVA egress issue; assessed postflight.
A11-018,Apollo 11,,,GNC,true,"An electroluminescent segment on the abort guidance system data entry and display assembly (DEDA) numeric display was reported inoperative, making 3 and 9 hard to distinguish.",,Analogous delta-qual failure traced to a faulty epoxy process producing a cracked/open electrode in the light-emitting element; no generic-problem history. Anomaly closed.,high,true,false,,,"Crew-reported display fault (AGS/DEDA); cause from analysis, no in-flight diagnosis exchange."
A11-019,Apollo 11,,,comms,false,"Voice-operated relay operation during EVA caused breakup of voice received by the Manned Space Flight Network, primarily from the Lunar Module Pilot.",,Most probable cause an inadvertent low setting of the Commander's LM VOX sensitivity control (should have been maximum per checklist); not an inherent design problem. Anomaly closed.,high,,false,,,Ground-observed (MSFN) comm quality issue during EVA; cause from ground tests.
A11-020,Apollo 11,,,comms,false,A voice turnaround (echo) was heard during EVA while the lunar module operated in relay mode.,,Acoustical/mechanical coupling between the communications-carrier earphone and microphone re-keyed the relay; inherent to the comm-carrier design. Mitigated by inhibiting down-link remoting during up-link voice. Anomaly closed.,high,,false,,,Duplicated in the laboratory; EVA comm relay path.
A11-021,Apollo 11,,,comms,false,"The data storage electronics assembly (onboard recorder) did not record properly; postflight playback showed low, noisy voice with a 400-Hz tone and missing timing-code switching.",,Most probable cause two broken 26-gauge wires in the vehicle harness to the recorder (similar breaks found in LTA-8); harness protection added on later vehicles. Anomaly closed.,high,,false,,,Discovered on postflight tape playback; instrumentation/recorder.
A11-022,Apollo 11,,,structures,true,The crew reported after EVA that the knob on the engine-arm circuit breaker was broken (and two other breakers were closed); the breaker was still successfully closed for ascent.,,Probable impact of the oxygen purge system (aft edge) against the circuit breaker during EVA preparation; breaker guards added on Apollo 12+. Anomaly closed.,high,true,false,,,Famous 'broken engine-arm breaker' repaired by crew with a marker; report attributes damage to OPS impact (postflight).
A11-023,Apollo 11,,,RCS,true,"The chamber pressure switch monitoring the quad 2 aft-firing ascent-stage engine (A2A) showed slow response and failed to respond to seven consecutive minimum-impulse commands just before terminal phase initiation, giving a master alarm and thruster warning flag that the crew reset.",,"Most probable cause particulate contamination in the switch inlet passage, reducing chamber-gas flow and slowing switch closing response; engine itself operated normally. Anomaly closed.",high,true,false,,,Crew reset the alarm/flag but did not troubleshoot; cause determined postflight.
A11-024,Apollo 11,,,ECLSS,true,"After the lunar module reached orbit, water (about a tablespoon) began entering the Commander's suit in spurts at ~1-minute intervals through the suit half-vent duct.",,"Most probable source leakage through the water-separator selector valve (misalignment/binding), letting free water pass the idle separator into the suit hose. Anomaly closed.",medium,true,false,,,"Crew self-resolved empirically by selecting the secondary water separator (spurts stopped); root cause was a postflight most-probable-source conclusion, no air-to-ground diagnosis exchange, so -1."
A11-025,Apollo 11,,,RCS,true,"The crew reported thrust chamber assembly warning flags for three engine pairs (quads 2 and 4 system A simultaneously, then quad 4 system B) during LM station keeping and before powered descent initiation, believed accompanied by master alarms.",,Most likely a single-point failure (momentary loss of +28 V dc or oscillator to a 10-buffer module in the signal conditioner electronics) that cleared itself; sufficient data not available to confirm. Anomaly closed.,medium,true,false,,,"Crew reported and reset flags; cause uncertain, established (tentatively) postflight."
A11-026,Apollo 11,,,EVA,false,"The lunar-surface television camera cable retained its coiled shape after deployment, creating loops that were a tripping hazard to the crew.",,"Cable memory of coiled stowage; investigated material/stowage changes gave only minimal improvement at a weight penalty, so no hardware change made. Anomaly closed.",high,,false,,,Government-furnished equipment (TV camera cable); observed on surface.
A11-027,Apollo 11,,,EVA,true,During EVA preparation the crew had considerable difficulty mating the electrical connectors from the remote control unit to the portable life support system.,,"The coupling lock ring rotated freely on the connector shell, preventing rotational polarization alignment; connector redesigned (positive-position lock ring, conical-tipped pins) for later missions. Anomaly closed.",high,false,false,,,GFE crew-interface anomaly; cause understood from hardware.
A11-028,Apollo 11,,,EVA,true,"The force required to close the sample return containers was much higher than expected, made worse by an unstable work table and inadequate retention.",,Contractor cleaning procedure removed all lubricant from the latch linkage (raising closing force up to ~24 lb) and the flight container had not been exercised like the training unit; burnishing lubricant after cleaning incorporated. Anomaly closed.,high,false,false,,,"GFE (sample return containers); crew-experienced, cause from ground tests."
A12-001,Apollo 12,000:00:52,000:01:36,EPS,true,"During the first minute of flight the vehicle was struck by two triggered lightning discharges (36.5 s and 52 s). Crew got master alarms, multiple caution/warning lights (three fuel-cell lights, AC bus light, fuel-cell disconnect, AC bus overload 1 and 2, Main Bus A and B out), a signal-conditioning-equipment (SCE) dropout that garbled telemetry, and loss/tumble of the inertial guidance platform.","Air-to-ground (radio) turns, crew report -> CapCom diagnosis (Apollo Flight Journal, Day 1 pt 1; 2nd strike/platform loss at 000:00:52): (1) Conrad: 'Okay, we just lost the platform, gang. I don't know what happened here; we had everything in the world drop out.' (2) Carr: 'Roger. Plus one.' (3) Conrad: 'I got three fuel cell lights, an AC bus light, a fuel cell disconnect, AC bus overload 1 and 2, Main Bus A and B out.' (4, diagnosis) 000:01:36 Carr: 'Apollo 12, Houston. Try SCE to auxiliary. Over.' [reaffirmed 000:01:43 Carr: 'SCE, SCE to auxiliary.'] Tightly-timestamped context: 000:01:33 Conrad (onboard): 'We've got a short on it of some kind...'; 000:01:36 Carr: 'Try SCE to auxiliary.'","Vehicle-triggered lightning as it passed through electric fields (special report, ref. 12). First strike's induced transient on the battery-relay bus exceeded the current rate-of-change limit of the SCRs in the fuel-cell overload sensors, disconnecting the fuel cells from the main buses; low bus voltage dropped out the SCE and tripped AC undervoltage. Second strike set high-order bits in the CDU, driving the Z-axis (yaw) middle-gimbal readout past 85 deg and down-moding the platform to coarse-align, causing the observed tumble. Nine SM instrumentation measurements permanently lost. Crew restored fuel-cell power to buses at 000:02:22. Anomaly closed; launch weather rules added for later missions.",high,true,true,4,44,"THE marquee anomaly; the only one turn-hunted. John Aaron (EECOM) recognized the garbled-telemetry pattern and called 'SCE to Auxiliary'; Bean threw the SCE switch and telemetry was restored. Counted 4 air-to-ground turns (2 strictly intervening) from Conrad's report of the electrical emergency to Carr's diagnosis. get_report anchored to AFJ-documented 000:00:52 second strike / platform loss (Conrad's downlinked report immediately followed, not separately inline-timestamped); get_diagnosis 000:01:36 is inline in the transcript; human_time_s=44 is therefore approximate to a few seconds. Report Section 14.1.3 'Electrical Potential Discharges'."
A12-002,Apollo 12,,,GNC,true,Approximately 1.5 hours before launch the crew reported several intermittent all-8's displays on the command module main display and keyboard assembly (DSKY). No display malfunction occurred in flight.,,"A short across the normally-closed contacts of any one relay in the display relay matrix applies 250 V ac to all segments (common discharge path). Failure analyses after four previous identical failures showed relay contamination as the likely cause. Fabrication moved to laminar-flow clean rooms, 100% vibration screening added, and a malfunction procedure devised to clear a shorted condition. Anomaly closed.",high,true,false,,,"Report Section 14.1.1. Preflight crew report; cause from prior failure-analysis history, not an in-flight diagnosis."
A12-003,Apollo 12,,,EPS,false,"During cryogenic loading about 51 hours before launch, the heat leak of hydrogen tank 2 was unacceptable; a thick frost layer on the tank exterior verified inadequate vacuum in the insulating annulus. Tank removed and replaced before launch.",,Incomplete bond in the stainless-steel/titanium bimetallic joint let hydrogen leak from the inner tank into the vacuum annulus. Improper manufacturing inspection (lot 3B; lot 3A suspect) allowed voids to pass. Remaining suspect tanks recalled for joint replacement. Anomaly closed.,high,,false,,,"Report Section 14.1.2. Ground/prelaunch cryo-loading anomaly, detected by ground data and visual frost check."
A12-004,Apollo 12,,,GNC,true,"During systems checks after earth-orbit insertion, stabilization-and-control circuit breaker 23 (logic buses 3 and 4, panel 8) was found open. A crewman closed it and it stayed closed for the rest of the mission.",,"Postflight electrical and mechanical tests of the breaker and circuitry were normal; no cause found for launch-vibration or electrical-fault opening. Because it was fed in parallel with two breakers that did not open and showed no abnormalities, the breaker was probably not properly set during prelaunch positioning checks (these breakers are not specifically verified). Anomaly closed.",high,true,false,,,Report Section 14.1.4. Crew found and reclosed it; root cause not determined in flight (postflight conclusion).
A12-005,Apollo 12,,,RCS,true,The crew reported that two RCS isolation valves (quad A secondary propellant isolation valve and quad B No. 1 helium isolation valve) had inadvertently closed during CSM/S-IVB separation. Crew reopened them per preplanned procedure with no further problems.,,Same shock-induced closure phenomenon seen on Apollo 9 and 11 for propellant isolation valves; the helium isolation valve closure was the first noted in-flight occurrence. Failure-investigation test programs (postflight). Crew recovery was procedural.,high,true,false,,,"Report Section 14.1.5. Crew-reported; recovery procedural, root-cause investigation postflight."
A12-006,Apollo 12,,,comms,false,Operation of the S-band high-gain antenna in narrow-beam mode produced ~10-12 dB decreases in both uplink and downlink signal strength on several occasions; first observed in lunar-orbit revolution 1.,,Documented in Section 14.1.6 as unexpected narrow-beam signal-strength variations (analysis of antenna performance; details in Section 14.1.6).,medium,,false,,,Report Section 14.1.6. Ground/telemetry-observed signal-strength anomaly; detailed root cause not fully extracted.
A12-007,Apollo 12,,,EPS,false,At end of mission a discrepancy of ~27 pounds of oxygen existed between measured total cryogenic oxygen usage and the calculated combined environmental-control-system + fuel-cell oxygen usage.,,Cryogenic O2 quantity-accounting discrepancy (Section 14.1.7); fuel-cell O2 usage calculated from produced current and cross-checked against hydrogen consumption. Detailed conclusion not fully extracted.,medium,,false,,,"Report Section 14.1.7. Postflight accounting/telemetry discrepancy, not crew-detected in flight."
A12-008,Apollo 12,,,structures,true,"The hatch, left-hand, and both rendezvous windows of the command module showed considerable contamination as vertical streaks on the exterior surfaces. Crew reported seeing water on the windows during heavy pre-launch rain and water flowing over the windows at tower jettison.",,Gaps in the boost protective cover (hard-to-soft transition over the left rendezvous window) were not sealed with the required sealant on final installation; rain/water intrusion deposited contamination that streaked the windows. Identified via prelaunch notes and postflight inspection.,high,true,false,,,Report Section 14.1.11. Crew observed water in flight; root cause (unsealed BPC gaps) confirmed on the ground.
A12-009,Apollo 12,,,comms,true,"During ascent and rendezvous there was a VHF communications problem between the command module and lunar module; only one problem was apparent at the time but there were actually two separate problems. From ~142-1/4 hours, LM-to-CM comm had to be relayed via S-band network.",,"Two separate VHF problems in the CM VHF configuration (LM-aft/CM-right antennas), analyzed postflight (Section 14.1.19).",medium,true,false,,,Report Section 14.1.19. Crew experienced degraded VHF in flight; two-fault breakdown established postflight.
A12-010,Apollo 12,,,EPS,false,"After initial in-flight LM checkout, CSM-to-LM electrical current was ~1 ampere higher than expected. Turning off the docking-hatch floodlight circuit breaker returned current to normal.",,"The docking-hatch floodlight is controlled by a plunger switch actuated by closing the hatch (like a refrigerator door). The hatch did not depress the plunger sufficiently to open the switch, so the floodlight stayed powered. Crew verified switch/floodlight operation by manually depressing the plunger.",high,,false,,,"Report Section 14.2.1 (LM). Detected via higher-than-expected bus current (telemetry/electrical), then isolated by the crew."
A12-011,Apollo 12,,,ECLSS,true,"During preparations for the first EVA, water came from both suit inlet hoses when disconnected. After EVA-1 the Commander reported water in his boots and cold moist air from the suit inlet hose; the LM Pilot noted water drops in his inlet hose.",,Free water in the suit loop; swapping the water separators gave no improvement. Water dried in the suit before the sleep period with no further problem. Managed operationally in flight (Section 14.2.2).,high,true,false,,,"Report Section 14.2.2 (LM ECS). Crew-reported; handled operationally, no in-flight root-cause fix."
A12-012,Apollo 12,,,ECLSS,true,"Following lunar lift-off the crew reported a master alarm near ascent-engine shutdown; on a later pass behind the Moon the CO2 high-partial-pressure light and master alarm tripped again. Crew selected the secondary LiOH canister, then reselected primary at ground request; erratic CO2 indications continued on either canister.",,"Erratic/faulty carbon-dioxide sensor: ground data showed only a short-duration spike in indicated CO2 partial pressure (i.e., not a real CO2 buildup); indications were erratic regardless of which LiOH canister was in use (Section 14.2.3).",high,true,true,,,"Report Section 14.2.3 (LM). Crew-reported and treated in flight as an erratic sensor (ground had them reselect the primary canister), so it qualifies as crew-initiated + diagnosed-in-flight, but the specific air-to-ground exchange was NOT turn-hunted (fetch budget was spent on 14.1.3). Left at -1 per bounded-search rule."
A12-013,Apollo 12,,,GNC,true,"At the start of the second darkness pass after lunar lift-off, the crew reported the rendezvous tracking light had failed.",,"Subsequent switch cycling showed normal power consumption, indicating a corona failure in the high-voltage section of the light. Same failure signature as Apollo 9 and ground testing (previously attributed to high-voltage corona); design modifications had been made after Apollo 9 (Section 14.2.4).",high,true,false,,,Report Section 14.2.4 (LM). Crew-reported; corona-failure conclusion drew on Apollo 9 comparison/analysis (treated as postflight diagnosis).
A12-014,Apollo 12,,,EVA,true,During initial egress the Commander could not release the modularized equipment stowage assembly (MESA) D-ring deploy handle from its support bracket; it could be rotated but not pulled free. The compartment was deployed by pulling directly on the bellcrank cable.,,A retention pin at the bottom of the D-ring plugs into a socket with a ball-detent mechanism; apparently either the ball detent bound or the crewman did not fully release it (Section 14.2.5).,high,false,false,,,Report Section 14.2.5 (LM/EVA). Crew-experienced mechanical difficulty; cause analyzed on the ground.
A12-015,Apollo 12,,,EVA,true,"During egress the Commander's portable life support system (PLSS) contacted and tore the forward-hatch micrometeoroid/thermal shield, a potential hazard to the suit.",,"Physical contact between the bulky PLSS and the thin hatch thermal shield during egress. For Apollo 13 and later, shield thickness increased (0.004->0.010 in general area; 0.020->0.040 in standoff) and mounting-hole diameter increased (0.375->0.5 in) to strengthen it (Section 14.2.6).",high,false,false,,,Report Section 14.2.6 (LM/EVA). Damage occurred/observed during egress; fix was a postflight redesign.
A12-016,Apollo 12,,,DPS,true,The descent-propulsion low-level propellant quantity light illuminated about 20+ seconds earlier than expected during powered descent.,,The low-level light latches on when any one of four low-level point sensors (one per propellant tank) is uncovered; at activation the gaging system indicated fuel/oxidizer conditions consistent with an early point-sensor uncovering (Section 14.2.7).,medium,true,false,,,Report Section 14.2.7 (LM descent propulsion). Crew-observed during descent; detailed cause analyzed on the ground.
A12-017,Apollo 12,,,EVA,true,"The color TV camera gave good coverage for ~40 minutes at the start of EVA-1, then the video showed only white in an irregular pattern in the upper picture and black in the remainder; it never recovered despite repeated crew attempts and was turned off.",,The secondary-electron-conducting (SEC) vidicon tube was damaged by exposure to extreme light levels (the camera was inadvertently pointed at/near the Sun). Ground tests exposing an Apollo-type image sensor to extreme light reproduced the same failure signature (Section 14.3.1).,high,false,false,,,Report Section 14.3.1 (GFE). Famous 'Al Bean pointed the camera at the Sun' failure; cause confirmed by postflight ground tests.
A12-018,Apollo 12,,,ALSEP,true,The crew had difficulty removing the radioisotope fuel capsule from the fuel cask during ALSEP deployment (used to fuel the SNAP-27 RTG).,,"Thermal tests and analyses showed dimensional tolerances can diminish with temperature, causing binding between the latch fitting and the capsule/cask (Section 14.3.3).",high,false,false,,,Report Section 14.3.3 (GFE/ALSEP). Crew-experienced EVA difficulty; cause from postflight thermal analysis.
A12-019,Apollo 12,,,ALSEP,true,During ALSEP deployment the lunar surface at the passive seismic experiment site was soft and irregular; a crewman had to tamp a depression with his boots to prepare for deployment.,,"Soft, irregular lunar surface material at the deployment site (Section 14.3.4); an environmental/site condition rather than a hardware fault.",high,false,false,,,Report Section 14.3.4 (GFE/ALSEP). Crew-observed EVA deployment difficulty; cause self-evident (surface conditions).
A13-001,Apollo 13,,,EPS,true,"Sharp bang at ~55:54:53 GET with main-bus-B undervoltage, computer restart and master alarm; cryo O2 tank 2 pressure went to zero, fuel cells 1 and 3 lost power ~2.5 min later, and SM RCS quads showed barberpole (He/secondary-valve) indications.",,"Electrical shorts in the cryogenic O2 tank 2 fan circuit (energized at 55:53:20) ignited the fan-wire insulation; the resulting pressure/temperature rise ruptured the tank line and over-pressurized the vacuum jacket, separating the SM bay-4 outer panel and knocking out two fuel cells. Root cause established by postflight/Review Board investigation.",high,true,false,,,"Anomaly 14.1.1. Crew reported the event ('Houston, we've had a problem') but the physical root cause was determined postflight, not diagnosed in flight; separate MSC O2 Tank 2 Anomaly Report published. Not turn-hunted."
A13-002,Apollo 13,,,ECLSS,false,Postlanding ventilation inlet valve found closed (exhaust valve open) by recovery personnel after splashdown; vent handle only partially pulled.,,"Inherent lag between the two flexible control cables meant the vent handle was pulled only partway (~5/16-3/8 in), leaving the inlet-valve locking pin not fully retracted so the inlet valve stayed closed. No mechanical failure or out-of-tolerance parts; caution note added to Apollo Operations Handbook.",high,,false,,,Anomaly 14.1.2. Found postflight by recovery forces; closed.
A13-003,Apollo 13,,,GNC,true,"From ~40 h, computer readout of the optics shaft angle fluctuated up to ~0.3 deg in the zero-optics mode; crew confirmed via manual readout that the shaft was actually moving.",,"Most likely high slip-ring/brush resistance in the shaft-axis half-speed resolver (vented to vacuum), injecting a small offset into the zero reference. Judged generic and time/vacuum dependent (recurred nearly identically from Apollo 12); no effect on zeroing accuracy, so no corrective action.",high,true,false,,,Anomaly 14.1.3. Cause reasoned out postflight; recurrence of an Apollo 12 issue. Closed.
A13-004,Apollo 13,,,comms,true,"Before the ~55 h TV pass, difficulty acquiring and tracking with the high-gain antenna; ~6 dB uplink / ~17 dB downlink loss and cyclic ~5 s downlink transients (55:00:10-55:00:40).",,"Open at time of report. Most probable cause a short in the stator excitation winding of the antenna C-axis induction potentiometer, shifting the scan-limit function line so the auto-reacquisition logic cycled between the target and the manual setting; failure in the electronics box was ruled out. Analysis in progress, separate anomaly report to follow.",high,true,false,,,Anomaly 14.1.4; listed OPEN in the report. Cause not diagnosed in flight. A dedicated 'HGA Acquisition Problem - Anomaly Report 2' was published Dec 1970.
A13-005,Apollo 13,,,GNC,true,During entry the entry monitor system 0.05g light did not illuminate within 3 s of the 0.05g condition; the CMP started the system manually via the backup position.,,"Flight problem could not be duplicated in extensive postflight/thermal testing; most likely the CMP switched to backup too quickly before the light came on, or an intermittent hardware failure that cleared itself during entry. No hardware/procedure change warranted.",high,true,false,,,"Anomaly 14.1.5. Crew acted in real time, but no in-flight diagnosis of cause; inconclusive postflight. Closed."
A13-006,Apollo 13,,,structures,false,"Postflight inspection found propellant gas had leaked from the gusset-4 breech assembly of the apex-cover jettison system, burning a hole through the aluminum gusset cover plate.",,"Hot (>2000 F, ~14000 psi) propellant gas leaked at the breech-plenum interface, burning through the O-ring and Teflon backup ring. Probable cause a gap in the field-trimmed backup ring (scarf joint has no dimensional control). Fix: material/assembly controls plus a polyimide thermal barrier on future spacecraft.",high,,false,,,Anomaly 14.1.6. Pyrotechnic/earth-landing system; found postflight. Closed.
A13-007,Apollo 13,,,RCS,false,Postflight decontamination found the command module RCS system-1 fuel isolation valve open when it should have been closed (all other propellant isolation valves closed).,,"The fuel-valve closing-coil lead was miswired to an unused terminal-board pin during initial installation. In preflight tests at 28 V the valve still closed via inductive coupling from the oxidizer-valve coil, masking the fault; in flight the bus voltage was too low to close it. Fix: resistance checks on all future CM/SM RCS isolation valves.",high,,false,,,Anomaly 14.1.7. Manufacturing miswiring found postflight. Closed.
A13-008,Apollo 13,,,ECLSS,false,"Potable-water quantity reading fluctuated briefly twice: 98% down to 79% for ~5 min at ~23 h, and from full down to 83.5% (recovering in ~7 s) at ~37 h.",,"Erratic potable-water quantity transducer (also failed on Apollo 8 and 12), characteristically caused by minute contamination on the resistance wafer that clears itself; no contamination or corrosion found on disassembly of the Apollo 13 unit. Measurement is non-critical, so no change.",high,,false,,,Anomaly 14.1.8. Telemetry/instrumentation fluctuation; cause reasoned postflight. Closed.
A13-009,Apollo 13,,,ECLSS,false,"Suit pressure transducer dropped from 6.7 to 5.7 psia at S-II ignition (00:02:45) and thereafter read sluggish and up to ~1 psi low, drifting to 4.1-4.3 psia against a 5.0 psia cabin until deactivation at ~59 h.",,"Internal contamination from electroless-nickel plating flakes (poor plating adhesion to the aluminum base; differential expansion cracks the plating, moisture corrodes the base, flakes enter the variable-reluctance air gap). Also solder flux, glass beads and clean-room fibers found. Determined postflight (also failed on Apollo 12).",high,,false,,,Anomaly 14.1.9. Instrumentation failure diagnosed postflight. Closed.
A13-010,Apollo 13,,,EPS,false,Postflight inspection found propellant gas/soot had escaped from the left-hand CM electrical circuit interrupter (lower equipment bay); right-hand unit was clean.,,"Worst-case tolerance buildup let the attenuator block over-crush so the piston O-ring entered the breech chamfer, displacing it and venting gas. Analysis concluded gas escapes only after the deadfacing/electrical-disconnect function is complete and harms no adjacent equipment; no hardware change required.",high,,false,,,Anomaly 14.1.10. CM/SM umbilical circuit interrupter; found postflight. Closed.
A13-011,Apollo 13,,,propulsion,false,Supercritical helium (descent stage) exhibited a pressure-rise rate ~3x expected (14.9 psi/hr vs ~8) starting in the countdown-demonstration cold soak; in flight the rate climbed after each descent-engine firing to ~33 psi/hr until the burst disc vented at ~109 h (108:54:20).,,"Degradation of the tank's annular vacuum insulation by a trace contaminant (probably hydrogen, ~1e-6 lb) that vaporized during the pre-cold-soak flow check and raised thermal conductivity, giving the abnormal rise rate. Burst disc vented as designed. Screening test added for future tanks.",high,,false,,,"Anomaly 14.2.1. Descent Propulsion System supercritical-helium tank; first seen preflight (CDDT), monitored via telemetry, cause established postflight. Closed."
A13-012,Apollo 13,,,EPS,true,At 97:14 GET the crew reported a thumping noise and snowflakes venting from descent-stage quadrant 4; all four descent batteries showed ~2 s current transients (97:13:53) with corresponding dc-bus voltage drops and a momentary glycol-pump slowdown.,,Attributed to a descent-battery event (current surge / electrolyte activity venting from quadrant 4); cross-linked to the battery 2 malfunction (14.2.3). Detailed cause analyzed after the mission rather than diagnosed in real time.,high,true,false,,,"Anomaly 14.2.2. Crew-reported in real time, but the report presents the cause as postflight analysis, not an in-flight CapCom diagnosis; not turn-hunted. Closed."
A13-013,Apollo 13,109:13:30,109:20:54,EPS,true,"LM descent battery 2 malfunction/fault light with master alarm, first at ~100 h and recurring (e.g., flickering light at ~109 h); the crew reported the master alarm and identified battery 2, while voltages and currents remained normal.","109:13:30 CMP: 'Okay, Jack. We've got a MASTER ALARM and we've got a battery light flickering.' 109:13:36 CC: 'Okay. Copy a battery light. What battery?' 109:15:01 LMP: '...The only light I'm getting is on BAT 2.' 109:15:35 CC: 'Okay, Fred. We copy your same old friend, battery 2. Could you give us high bit rate for a while, please?' 109:20:54 CC: '...Voltages and currents look normal on battery 2; so ignore the battery light.'",False (erroneous) over-temperature-type indication: a short between the temperature-switch wires to ground (or auxiliary-relay contamination) tripped the malfunction light while the battery was healthy - the ground verified normal voltages/currents in flight and told the crew to ignore the light. Likely linked to the descent-stage battery current-surge event (14.2.2).,high,true,true,11,444,"Anomaly 14.2.3 - the one crew-initiated AND in-flight-diagnosed anomaly. Turn count = 11 air-to-ground transmissions from the crew report (109:13:30) to the CapCom false-indication diagnosis (109:20:54): 13:30 CMP, 13:36 CC, 14:16 CC, 14:25 LMP, 14:39 LMP, 14:54 CC, 15:01 LMP, 15:35 CC, 16:13 CC, 16:19 LMP, 16:23 CC, 20:54 CC(diagnosis). human_time_s = 444 (7 min 24 s). Light first illuminated ~099:50 in an earlier episode where ground had them take the battery off-line to investigate; the definitive 'ignore the light' diagnosis was delivered during the 109 h recurrence quoted here. Source: AS13_TEC.txt."
A13-014,Apollo 13,,,ECLSS,false,"LM ascent-stage oxygen tank 2 pressure rose during flight, indicating reverse leakage through the shutoff valve from the manifold into the tank (up to ~0.22 lb/hr at 193 psi differential).",,"Rolled/damaged forward O-ring during valve installation (the valve design allows more O-ring compression than the supplier recommends, aggravating rolling as the O-ring passes the manifold port) and/or seat contamination. Preflight leak tests checked only reverse leakage at high pressure and were inadequate.",high,,false,,,Anomaly 14.2.4. Telemetry-detected pressure rise; cause found postflight. Closed.
A13-015,Apollo 13,,,structures,true,LM left-hand window shade showed three large separations/cracks when first placed in the stowed position during flight; ~1/8 in cracks from ~80% of the peripheral stitch holes.,,Aclar embrittlement: the shade material had low elongation (6-12% vs >25% for the improved material) and cracked from the sewing stitch holes. Future shades use heat-treated/quenched more-ductile Aclar reinforced with Mylar tape.,high,true,false,,,"Anomaly 14.2.5. Crew observed the cracks, but cause is a known material issue confirmed postflight, not an in-flight air-to-ground diagnosis. Closed."
A13-016,Apollo 13,,,GFE,true,The 10-mm lens bumper on the LM 16-mm camera was found separated from the lens during inflight LM inspection; the crew reattached it and it held for the rest of the flight.,,Loose lens/bumper thread fit (a recurring looseness problem). Fix: swage the bumper mating surface for an interference fit with the 10-mm lens internal threads on future missions.,high,false,false,,,"Anomaly 14.3.1. GFE camera equipment; crew self-resolved, cause/fix documented postflight. Closed."
A13-017,Apollo 13,,,GFE,true,Before 55 h the onboard interval-timer time-period set knob came off in a crewman's hand.,,The knob set screw loosened; the special gripping compound provided insufficient retention force. Fix: secure the knob to the shaft with a roll pin on future timers.,high,false,false,,,Anomaly 14.3.2. GFE crew equipment; cause found on postflight examination. Closed.
A13-018,Apollo 13,,,GFE,true,"When the crew tried to use the two command-module medical-kit nasal spray bottles, one gave no medication and the other only two or three sprays.",,A cotton insert (added to slow the spray) combined with needing to squeeze at the cotton location impaired delivery in weightlessness; the returned bottle worked normally in 1 g (still held 2.5 cc after 5-6 sprays). Fix: package nose drops like the eye drops on future flights.,high,false,false,,,Anomaly 14.3.3. GFE medical kit; cause determined postflight. Closed.
A14-001,Apollo 14,,,structures,true,Six docking attempts required before the probe capture latches engaged during transposition and docking; probe-to-drogue contact was normal on all attempts and capture should have occurred on the five failed ones.,,"Contamination or debris in the capture-latch mechanism restricting plunger motion, which later became dislodged; probe functioned normally afterward (root cause confirmed postflight).",high,true,false,,,"Anomaly 14.1.1 (CSM). Crew experienced/executed the repeated docking attempts (crew-initiated), but the contamination cause was determined postflight; in flight they simply achieved a hard dock. Left at -1 (not diagnosed via air-to-ground loop in flight)."
A14-002,Apollo 14,,,comms,false,CSM high-gain (S-band) antenna showed intermittent tracking / boresight shifts during translunar coast and lunar orbit.,,Faulty connector to one of the coaxial cables feeding the wide-beam antenna elements (per mission report).,medium,,true,,,Anomaly 14.1.2 (CSM). Telemetry/ground-signature detected; not a crew-report diagnostic exchange.
A14-003,Apollo 14,,,ECLSS,true,Urine dump nozzle blocked after docking and several times during the mission.,,"Freezing of the nozzle under colder-than-previous thermal conditions; resolved in flight by orienting the spacecraft to expose the nozzle to sunlight, plus procedural water-rinse / extended oxygen purge.",medium,true,true,,,"Anomaly 14.1.3 (CSM). Crew-reported and worked in flight, but I did not spend fetch budget locating a discrete report->diagnosis air-to-ground exchange; left at -1 per bounded rule."
A14-004,Apollo 14,,,comms,false,Degraded VHF voice quality and erroneous VHF ranging measurements (roughly 5-15 mile errors) during rendezvous.,,Low signal strength from antenna polarization differences and possible connector issue; ranging improved after terminal phase initiation.,medium,,true,,,"Anomaly 14.1.4 (CSM). Detected via AGC/signal-strength telemetry, not a crew-report exchange."
A14-005,Apollo 14,,,GNC,true,Entry Monitor System (EMS) 0.05g indicator light failed to illuminate within 3 seconds of activation during entry.,,Neutral-density filter covering the 0.05g light plus solar reflections obscured the crew's view; crew switched to backup timing.,medium,true,true,,,"Anomaly 14.1.5 (CSM). Crew-noticed during entry; the resolution was an onboard crew action within seconds, not a multi-turn air-to-ground diagnostic loop. Left at -1."
A14-006,Apollo 14,,,EPS,true,Main Bus A could not be disconnected: it remained energized when the motor-driven switches were commanded off at ~800 ft during descent staging.,,Motor switch stalled with internal contacts remaining closed / motor windings open; confirmed by postflight testing.,medium,true,false,,,Anomaly 14.1.6 (CSM). Cause confirmed postflight (status open in report).
A14-007,Apollo 14,,,EPS,false,Intermittent main-bus-B circuit breaker for battery C; open circuit between battery C and main bus B.,,Contact cratering with a white substance holding the breaker contacts apart (postflight continuity checks).,medium,,false,,,"Anomaly 14.1.7 (CSM). Found in postflight testing, not in flight."
A14-008,Apollo 14,,,ECLSS,true,Food preparation (hot water) unit leaked: a water bubble collected on the unit stem after dispensing hot water.,,Particle contamination in the hot-water valve damaging O-rings at elevated temperature (~150 F); root cause postflight (status open).,medium,true,false,,,Anomaly 14.1.8 (CSM). Crew observed the leak; cause determined postflight.
A14-009,Apollo 14,,,ECLSS,false,Rapid repressurization system required three repressurizations instead of the normal single recharge.,,Increased leakage rate (~40 cc/min vs 14 cc/min preflight); assessed as normal degradation from surge-tank pressure telemetry.,medium,,true,,,Anomaly 14.1.9 (CSM). Telemetry-based.
A14-010,Apollo 14,,,EPS,false,LM ascent battery 5 open-circuit voltage dropped from 37.0 V to 36.7 V at ~62 hours instead of holding constant.,,Suspected battery cell short / short-to-case or conductive foreign material piercing the cellophane separator (from voltage telemetry).,medium,,true,,,"Anomaly 14.2.1 (LM). Battery-voltage telemetry, not a crew-report exchange."
A14-011,Apollo 14,105:11:05,107:11:06,GNC,true,Spurious ABORT command bit intermittently set in the LM primary guidance computer (appeared on the onboard DSKY and in ground telemetry) during lunar orbit before powered descent; recurred and cleared when the crew tapped the panel near the abort switch.,"105:11:05 Haise: ""Antares, Houston. What we're looking at there is the abort bit, and it looks set."" ... 107:11:06 Haise: ""Okay, Ed. And before I start in here, would you try tapping the panel again? The abort bit came back...I guess you've surmised already that we have some sort of a contamination in the Abort switch.""","Metallic contamination (loose solder/metal) within the hermetically sealed abort-switch module intermittently shorting the abort command; MIT (Don Eyles) wrote a software patch, uplinked, to make the computer ignore the abort input during descent.",high,true,true,,7201,"Anomaly 14.2.2 (LM) - the marquee crew/ground-diagnosed anomaly. Report first stated air-to-ground at GET 105:11:05 (Haise/CapCom), contamination diagnosis stated at GET 107:11:06 => elapsed 7201 s. Detection was concurrent: onboard DSKY (crew) AND ground telemetry, so crew_initiated is true-but-shared. human_turns_to_diagnosis left at -1: the span crosses at least one loss-of-signal across lunar-orbit revolutions, so an exact count of intervening air-to-ground transmissions is not rigorously verifiable within budget (an AFJ-section estimate of ~40+ transmissions exists but is unverified; not asserted per the no-invented-turns rule). Source: apollojournals.org/afj/ap14fj/19_day5_troubleshooting_lm_computer.html."
A14-012,Apollo 14,,,comms,false,LM S-band steerable antenna lost track nine times (unscheduled tracking interruptions) with 2-3 Hz mechanical oscillation exceeding +/-5 degrees.,,"Unknown intermittent condition (not vehicle blockage, multipath, noise, or amplitude modulation); status open. Crew reset the circuit breaker multiple times.",medium,,false,,,Anomaly 14.2.3 (LM). Cause never determined (open).
A14-013,Apollo 14,,,GNC,true,"LM landing radar behaved abnormally during descent: premature switch to low-range scale at ~6 min, initial slant range ~13,000 ft high, range jump from 32,000 to 25,000 ft.",,Operation beyond design limits and side-lobe lock-on rather than main lobe; crew recycled the circuit breaker to return to high scale. Cause characterized postflight.,medium,true,false,,,Anomaly 14.2.4 (LM). Crew acted during the fast descent event; formal cause (side-lobe lock-on) is postflight.
A14-014,Apollo 14,,,GNC,false,"Loss of the Abort Guidance System (AGS): AGS telemetry lost and DEDA inaccessible, with no warning light or alarm.",,Power-supply/sequencer-module failure in the abort electronics assembly (possible solder joint / component failure); determined postflight to be a standby-mode failure.,medium,,false,,,Anomaly 14.2.5 (LM). Telemetry dropout; diagnosed postflight.
A14-015,Apollo 14,,,GNC,true,Crew reported a crack across the address-register glass of the AGS Data Entry and Display Assembly (DEDA).,,"Excessive internal stress, improper mounting, or accidental impact; specific cause unknown.",medium,true,false,,,Anomaly 14.2.6 (LM). Crew-reported visual observation only; no diagnostic loop (cause unknown).
A14-016,Apollo 14,,,SIM-bay,false,"Lunar topographic (Hycon) camera ran its shutter continuously in operate and standby modes from ~90 hours onward, causing multiple/over-exposures.",,"Contaminated transistor in the shutter-control circuit with a loose aluminum piece (~0.130 x 0.008 in); imagery degradation seen after 192 frames, confirmed by postflight examination.",medium,,true,,,Anomaly 14.3.1 (GFE). Hycon lunar topographic camera; detected via imagery/telemetry and postflight teardown.
A14-017,Apollo 14,,,EVA,true,Right EVA glove pulled the hand left and down during the second EVA (not observed on the first EVA).,,Pressurized-glove design allows various neutral positions; no broken cables. Confirmed by postflight chamber tests.,medium,false,false,,,Anomaly 14.3.2 (GFE/EVA). Crew felt it during EVA; cause via postflight chamber tests.
A14-018,Apollo 14,,,EVA,true,Hasselblad intervalometer double-cycled: heard once by crew and shown in photography as 13 double cycles out of 283 exposures.,,Random response of the intervalometer to camera-motor current (new camera motor with higher current characteristics); characterized via photographic analysis.,medium,false,false,,,Anomaly 14.3.3 (GFE). Crew audio report plus postflight photo analysis.
A14-019,Apollo 14,,,comms,true,Commander's voice communications degraded at ~29 hours; restored after replacing the comm adapter.,,Poor contact between connectors due to small contaminants or improper mating; resolved in flight by substituting the adapter.,medium,true,true,,,"Anomaly 14.3.4 (GFE). Crew-reported and resolved in flight; did not spend fetch budget locating the discrete report->diagnosis exchange, left at -1 per bounded rule."
A14-020,Apollo 14,,,ALSEP,true,"Active Seismic Experiment thumper misfired: 13 of 21 initiator attempts fired, 5 misfired, 3 skipped, with excessive switch stiffness on the first several firings.",,Selector-switch dial repositioning out of detent and dirt on the firing-switch actuator bearing surface; crew overcame by using both hands initially.,medium,false,true,,,Anomaly 14.4.1 (ALSEP). Crew-reported/worked on the lunar surface (surface EVA comm loop); not turn-hunted per bounded rule.
A14-021,Apollo 14,,,ALSEP,false,"Suprathermal Ion Detector Experiment (SIDE) produced erratic/noisy data on turn-on, also disturbing the passive seismic and charged-particle experiments.",,Arcing or corona within the SIDE equipment prior to dust-cover removal; resolved by commanding x10 accumulation mode and removing the dust cover.,medium,,true,,,"Anomaly 14.4.2 (ALSEP). Telemetry-detected, ground-commanded fix."
A14-022,Apollo 14,,,ALSEP,true,Lunar Portable Magnetometer (LPM) ribbon cable was difficult to rewind and snarled in 1/6 g; reel rotated freely / no lock during rewind.,,"Cable snarls easily, no provision to lock the reel during rewind, and difficult gloved-hand grip (design/operational).",medium,false,true,,,Anomaly 14.4.3 (ALSEP/EVA). Crew-experienced on the surface; operational finding.
A14-023,Apollo 14,,,ALSEP,false,ALSEP central station 12-hour timer failed: timer pulses absent after initial activation; mechanical section operated only intermittently.,,"Mechanical timer design failure (logic functional, mechanical section non-responsive); similar to the Apollo 12 timer issue.",medium,,true,,,Anomaly 14.4.4 (ALSEP). Telemetry / uplink-command verification.
A14-024,Apollo 14,,,ALSEP,false,Passive Seismic Experiment horizontal Y-axis leveling motor operated intermittently; 6 of 22 leveling commands unresponsive.,,Intermittent component in the motor-control circuit (no temperature correlation); ground achieved leveling by a command-cycling technique.,medium,,true,,,Anomaly 14.4.5 (ALSEP). Telemetry-detected.
A14-025,Apollo 14,,,ALSEP,false,"Passive Seismic Experiment long-period vertical seismometer unstable in filter-in mode, oscillating to saturation.",,Electrical (not mechanical) failure in the feedback-filter circuitry; resolved by commanding removal of all feedback filters.,medium,,true,,,"Anomaly 14.4.6 (ALSEP). Telemetry-detected, ground-commanded fix."
A14-026,Apollo 14,,,ALSEP,false,"Active Seismic Experiment geophone 3 electronic channel erratic: data spiking off-scale high, channel running at ~30x the gain of the other channels.",,Intermittent open circuit in the diode feedback path of the logarithmic compressor; suspected solder crack in cordwood construction (status open).,medium,,false,,,"Anomaly 14.4.7 (ALSEP). Telemetry-detected; cause suspected, status open."
A14-027,Apollo 14,,,ALSEP,false,Intermittent loss of valid data from the SIDE positive log analog-to-digital converter (full-scale output followed by erroneous values in specific words).,,Intermittent failure of the start-reset pulse for the positive-log A/D converter control logic.,medium,,true,,,Anomaly 14.4.8 (ALSEP). Telemetry-detected.
A14-028,Apollo 14,,,ALSEP,false,"Charged Particle Lunar Environment Experiment (CPLEE) analyzer B data lost: analyzer-B power-supply voltage measurement erratic, science data lost (~April 8, 1971).",,"Short circuit in output filter capacitors, interconnecting cable, or analyzer (high-voltage oscillator still functioning); probable short located in postflight/on-orbit analysis.",medium,,false,,,"Anomaly 14.4.9 (ALSEP). Occurred on the deployed surface package after the crew departed (April 8, 1971); telemetry-based."
A15-001,Apollo 15,,,RCS,true,"Quad B and quad D SM RCS secondary/primary propellant isolation valve talkbacks intermittently indicated closed (at post-insertion checks, S-IVB sep ~3:22, and SIM-bay door jettison); crew reopened each time.",,Magnetic-latching isolation valves closed by pyrotechnic shock (a mechanism seen on previous missions); reopened by crew each occurrence.,high,true,false,,,"Anomaly 14.1.1. This atlas lists the 20 most significant of the 44 numbered anomalies in Section 14 of the Apollo 15 Mission Report (18 CSM, 8 LM, 4 SIM, 3 ALSEP/surface, 7 GFE, 4 LRV)."
A15-002,Apollo 15,003:36:12,003:38:44,SPS,true,SPS Thrust light on the Entry Monitor System panel illuminated shortly after transposition and docking with no engine firing command present (would have caused ignition if engine armed).,"003:36:12 Scott (CDR): '...the only different thing we've noticed is the SPS Thrust light on the EMS is now on.' | 003:36:25 Fullerton (CapCom): 'Roger. I understand the SPS Thrust light is on.' | 003:36:28 Scott (CDR): 'And all the switches are off.' | 003:38:44 Fullerton (CapCom): '15, Houston. We'd like you to pull [open] both SPS Pilot Valve circuit breakers on Panel 8.' | 003:38:53 Scott (CDR): 'Okay; that's being done. They're both open.'",Short to ground in the system A delta-V thrust switch within the SPS ignition circuitry; confirmed by test firing at 28:40:22. Ground had crew safe the engine by opening both SPS Pilot Valve circuit breakers.,high,true,true,4,152,Anomaly 14.1.3. Only clean crew-report -> CapCom-response exchange in the mission. Turn count = 4 air-to-ground transmissions from crew's first report (003:36:12) to CapCom's diagnostic safing instruction (003:38:44); 152 s between those two GETs. Root-cause isolation (delta-V switch short) confirmed later by the 28:40:22 test firing. Source: apollojournals.org/afj/ap15fj/03tde.html.
A15-003,Apollo 15,,,EPS,true,"A-c bus 2 and d-c bus B undervoltage alarms occurred, then the integral lighting circuit breaker opened; DSKY/EMS scroll and other backlighting were lost for the rest of the mission.",,Short circuit inside the mission timer (shorted input filter capacitor); found in postflight teardown after timer returned to vendor.,high,true,false,,,Anomaly 14.1.4.
A15-004,Apollo 15,,,EPS,true,"At ~81.5 h the battery relay bus voltage telemetry read 13.66 V instead of nominal ~32 V; crew confirmed low reading on panel 101 test meter, and moving the test-meter switch restored the normal reading.",,Isolated to instrumentation circuitry; bus functional operation not impaired. No hardware fault duplicated in postflight testing.,high,true,false,,,Anomaly 14.1.5.
A15-005,Apollo 15,,,ECLSS,true,Potable water tank quantity began decreasing during meal prep at ~277 h and failed to refill for the rest of the flight (waste tank kept accepting fuel-cell water normally).,,Failed check valve in the water management system prevented potable-tank refill (a similar earlier event at 13.5 h had been mis-attributed to a closed inlet valve).,high,true,false,,,Anomaly 14.1.7.
A15-006,Apollo 15,,,instrumentation,true,Panel 2 mission timer stopped at 124:47:37 and repeatedly failed to restart when the start/stop/reset switch was cycled.,,Mission-timer internal fault; timer would not restart (separate unit from the panel-1 digital event timer).,high,true,false,,,Anomaly 14.1.8.
A15-007,Apollo 15,,,structures,false,One of three main parachutes deflated to ~1/5 diameter at ~6000 ft; the CM landed on effectively two chutes. Recovery photos showed 2-3 of 6 riser legs missing on the failed canopy.,,"Postflight/photographic analysis; leading candidate was CM RCS propellant (fuel) burning on the riser lines during the propellant-depletion firing (other candidates: forward heat-shield proximity, a broken riser/suspension-line connector link).",high,,false,,,"Anomaly 14.1.9. Most safety-significant Apollo 15 anomaly; separate formal Anomaly Report No. 1 was issued. Detected via recovery/photographic evidence, not crew diagnosis."
A15-008,Apollo 15,,,crew equipment,true,The right-side restraint harness on both the center and right crew couches came apart (unscrewed) during lunar orbit; crew reassembled and taped one missing cap in place for landing.,,Plug-and-cap (bolt with nylon locking insert) on the couch seatpan backed out under repeated back-and-forth rotation.,high,false,false,,,Anomaly 14.1.12.
A15-009,Apollo 15,,,ECLSS,true,"With the cabin fans running, the crew heard an object striking the blades; cycling the fans repositioned it. Postflight the blades were gouged.",,A loose 1/4-inch washer in the fan ducting struck the blades; found in postflight inspection of the ducting.,high,true,false,,,Anomaly 14.1.13.
A15-010,Apollo 15,,,comms,true,"LM steerable (S-band) antenna showed random oscillations in auto-track mode, diverging and losing lock on three occasions.",,"Auto-track oscillations driven by vehicle blockage/structural reflections and unfavorable Earth look angles at specific times (100:26, 100:41, 104:07).",medium,true,false,,,Anomaly 14.2.4.
A15-011,Apollo 15,,,GNC,true,The LM descent engine control assembly circuit breaker was found open during the post-separation engine throttle check; closing it allowed the check to complete.,,No current surge found in data; report states the most probable cause is that the crew inadvertently left the breaker open (crew statement).,medium,true,false,,,"Anomaly 14.2.5. Crew-attributed cause but no locatable CapCom-diagnosis exchange, so turns left at -1."
A15-012,Apollo 15,,,GNC,true,"Abort Guidance System warning and master alarms occurred just after lunar-orbit insertion and again at AOS before LM deorbit; first was reset by crew, second persisted to lunar impact.",,"Momentary out-of-tolerance condition (28 V dc, 12 V dc, or 400 Hz) tripped the warning, which self-resets when back in tolerance; AGS performance was normal throughout.",medium,true,false,,,Anomaly 14.2.6.
A15-013,Apollo 15,,,structures,true,Before LM ingress the range/range-rate meter window broke; on ingress the crew found many glass particles floating in the cabin (a hazard).,,Hermetically sealed meter case (He-pressurized) developed up to ~16 psi differential at cabin vacuum; the 0.085-in annealed soda-lime glass window failed from a surface flaw under that stress.,high,true,false,,,Anomaly 14.2.8.
A15-014,Apollo 15,,,SIM-bay,false,"Panoramic camera velocity/altitude sensor telemetry (first pass, rev 4) showed the sensor not operating correctly, drifting off-scale high (saturating) and auto-resetting.",,"Velocity/altitude sensor malfunction; the sensor controls camera cycling rate, forward-motion compensation, and exposure.",medium,,false,,,Anomaly 14.3.1. Telemetry-detected.
A15-015,Apollo 15,,,SIM-bay,false,Laser altimeter altitude data became intermittent after rev 24 and was fully lost after rev 38.,,"Decreasing laser output power, then the photomultiplier-tube high-voltage supply stuck in idle so the receiver missed surface returns; duplicated on the ground with a buzzing relay pulled from a flight unit.",high,,false,,,Anomaly 14.3.2. Telemetry-detected.
A15-016,Apollo 15,,,ALSEP,true,"Multiple problems during ALSEP deep-core/bore-stem drilling: insufficient penetration depth, bore stems hard to release from the drill adapter, bore-stem damage near the first joint, and core stems hard to extract and separate.",,Bore-stem/joint and flute design plus dense subsurface regolith; extraction and section-separation difficulties addressed by postflight hardware redesign.,high,false,false,,,Anomaly 14.4.1. Well-known Apollo 15 EVA drilling difficulty (Scott/Irwin at the ALSEP site). Worked in real time with the ground but root-cause/fix was postflight.
A15-017,Apollo 15,,,EVA,true,Lunar-surface 16-mm camera film magazines jammed: 5 of 8 magazines taken to the surface jammed.,,"Drive-spline damage/misalignment: improper installation misaligned the camera's floating female spline with the magazine male spline, removing metal from the brass spline.",high,false,false,,,Anomaly 14.5.3 (government-furnished equipment).
A15-018,Apollo 15,,,LRV,true,LRV battery 2 volt/ammeter was inoperative from vehicle activation and stayed dead through all traverses.,,"Meter fault not duplicated in any ground test; instrument non-essential to vehicle operation, so anomaly was closed with no further action.",high,false,false,,,Anomaly 14.6.2.
A15-019,Apollo 15,,,LRV,true,"LRV front steering was inoperative at initial activation (powered but wheels would not steer, no motor stall current); it became operative before the second traverse after the crew cycled the forward-steering breaker/switch.",,Intermittent front-steering fault; cleared itself before traverse 2 and was not isolated in flight (drove first traverse on rear steering only).,high,false,false,,,"Anomaly 14.6.3. Well-known Apollo 15 LRV issue; crew troubleshot with ground but the intermittent cause was never diagnosed in flight, so turns = -1."
A15-020,Apollo 15,,,LRV,true,"LRV seat belts were problematic on all traverses: hooks slipped through handholds to the floor, belts snagged on the GSE connector, and belts were too short to secure easily.",,Belts sized for a larger pressurized-suit contour; unexpected decrease in suit contour left the belts effectively too short and prone to displacement/snagging.,high,false,false,,,Anomaly 14.6.4.
A16-001,Apollo 16,097:35:10,,SPS,true,"During the pre-ignition checklist for the lunar-orbit circularization maneuver, an oscillation (limited to +/-1.0 deg at 2.4 Hz) was detected in the yaw axis of the SECONDARY servo loop of the service propulsion engine gimbal actuator; present in all modes but only when the secondary yaw servo loop was used. Delayed powered descent/landing by roughly 6 hours.",,Failure believed electrical in nature (intermittent open in the secondary yaw servo loop); a case of no oscillation on repositioning implied an electrical fault. Apollo 17 wiring-harness routing changed for strain relief. Mission Control cleared the SPS for use on the PRIMARY system and the landing proceeded.,high,true,true,,,"Anomaly 14.1.10 - the mission's marquee in-flight event (SPS thrust-vector-control / secondary yaw gimbal actuator). CMP Mattingly first reported the oscillation at 097:35:10, but that was a VHF crew-to-crew call to the LM, not an air-to-ground CapCom exchange, and CSM was near LOS behind the Moon. The go-for-landing 'diagnosis' came only after several hours of ground engineering analysis, not a single locatable CapCom exchange, so turns left at -1 per rules."
A16-002,Apollo 16,,,EPS,false,"Abnormally high heat leak into cryogenic hydrogen tank 3, raising heater/fan duty and boiloff.",,Cause not definitively determined; investigation found the tank had been returned to the vendor for rework and receiving inspection had noted water in the shipping container (possible annulus vacuum/insulation degradation). Anomaly closed without firm root cause.,high,,false,,,Anomaly 14.1.5. Telemetry-detected cryogenic EPS anomaly.
A16-003,Apollo 16,,,comms,false,Spacecraft failed to respond to uplink real-time commands at 42:23:09 and again at 207:14:36; command capability lost until the crew cycled the up-telemetry command reset switch off and back to normal.,,Logic lock-up within the up-data link package; only postulated causes are a spacecraft power-system transient or a transient internal to the up-data link. External transients ruled out via telemetry.,high,,false,,,Anomaly 14.1.6. Ground detected loss of command capability; crew action (switch cycle) restored it; root cause not fully resolved in flight.
A16-004,Apollo 16,,,SIM-bay,true,Mass spectrometer boom (SIM bay) stalled and would not fully retract; on the final event it stalled ~two-thirds out (~200 in) and would neither extend nor retract. Boom and experiment jettisoned prior to TEI.,,Assumed jamming/bunching or snagging of the coiled experiment power cable in the boom housing during retraction; repeated prolonged motor stalls burned out the motor. Data did not reveal a definite cause.,high,false,false,,,"Anomaly 14.1.8. Crew operated the SIM bay and observed the stall; cause assumed, not confirmed."
A16-005,Apollo 16,,,SIM-bay,true,Gamma ray spectrometer boom mechanism stalled and would not fully retract on three of five retractions (always past the safe SPS-firing position per proximity switch).,,Most probable cause bunching/snagging of the coiled experiment power cable during retraction (as seen in 1-g ground testing); assumed cable jamming in boom housing. No further action - mechanism not reused.,high,false,false,,,Anomaly 14.1.9. Companion boom problem to 14.1.8.
A16-006,Apollo 16,,,comms,false,High-gain antenna would not acquire; HGA operation lost for a period.,,Documented in Section 14.1.16 (CSM S-band high-gain antenna acquisition loss).,medium,,false,,,Anomaly 14.1.16.
A16-007,Apollo 16,,,GNC,true,Computer issued an erroneous gimbal lock indication at 38:18:56.,,Indication was erroneous (spurious); investigated in the inertial subsystem / CDU area.,medium,true,false,,,Anomaly 14.1.3. Related to 14.1.4 inertial-subsystem warnings.
A16-008,Apollo 16,,,GNC,true,Inertial subsystem warnings and coupling data unit (CDU) fail indications.,,Documented in Section 14.1.4; associated with erroneous indications in the inertial/CDU electronics.,medium,true,false,,,Anomaly 14.1.4.
A16-009,Apollo 16,,,SPS,false,Service propulsion system oxidizer tank pressure measurement shifted.,,"Instrumentation/measurement shift (transducer), not an actual propulsion pressure anomaly.",medium,,false,,,Anomaly 14.1.2. Telemetry/instrumentation.
A16-010,Apollo 16,,,ECLSS,true,Lithium hydroxide canister stuck during the first canister change.,,Documented in Section 14.1.15 (mechanical sticking of LiOH canister).,medium,true,false,,,Anomaly 14.1.15.
A16-011,Apollo 16,,,RCS,false,Explosive failure of a ground-support-equipment oxidizer deservicing tank during postflight deservicing operations.,,Ground support equipment failure during deservicing (not an in-flight spacecraft failure).,high,,false,,,"Anomaly 14.1.20. Postflight ground event, included in the report."
A16-012,Apollo 16,,,structures,false,"At lunar lift-off, four vertical thermal shields on the LM ascent-stage aft equipment rack were torn loose from the lower standoffs (remained attached at upper standoffs); observed from lunar-based TV.",,Most probable cause: ascent engine exhaust entering the cavity behind the shields; the shield projection below the support tube plus insufficient blanket venting allowed pressure buildup exceeding shield capability. Redesign/venting added for Apollo 17.,high,,false,,,"Anomaly 14.2.2 (LM). Observed via ground/TV, analyzed postflight."
A16-013,Apollo 16,,,comms,true,LM S-band steerable antenna would not operate (inoperative) in the yaw axis.,,Traced to the antenna stow-latch/solder-melt release area (marginal electrical conditions letting the housing act as a heat sink); multiple corrective actions planned for Apollo 17.,high,true,false,,,Anomaly 14.2.3 (LM).
A16-014,Apollo 16,,,RCS,false,"During system pressurization at ~95 h, LM RCS system A regulator outlet pressure crept above lockup; helium leaked (rate varying to ~1100 scc/min) throughout the mission, and system A relief valves eventually periodically relieved at ~237 psia.",,Internal leakage in the regulator assembly; a design deficiency in secondary-regulator lockup under small differential pressure. Crew performed propellant-transfer operations to preserve blowdown capability.,high,,false,,,Anomaly 14.2.4 (LM RCS helium regulator leakage). Telemetry-detected; managed in flight via propellant transfers but root cause analyzed postflight.
A16-015,Apollo 16,,,GNC,false,Loss of lunar module attitude control after the (unmanned) jettison.,,Documented in Section 14.2.6; loss of attitude control occurred after crew egress/jettison.,medium,,false,,,"Anomaly 14.2.6 (LM). Post-jettison, unmanned."
A16-016,Apollo 16,,,GNC,false,Abort guidance system (AGS) out-of-plane velocity error larger than expected.,,Documented in Section 14.2.7 (LM AGS out-of-plane velocity error).,medium,,false,,,Anomaly 14.2.7 (LM).
A16-017,Apollo 16,,,APS,false,Ascent propulsion system chamber pressure showed an increase and decay during the ascent firing.,,Documented in Section 14.2.8; analyzed from ascent firing reconstruction.,medium,,false,,,Anomaly 14.2.8 (LM APS).
A16-018,Apollo 16,,,comms,true,Command module television camera monitor malfunctioned.,,Documented in Section 14.3.1 (GFE TV camera monitor malfunction).,medium,true,false,,,Anomaly 14.3.1 (GFE).
A16-019,Apollo 16,,,EVA,true,"After lunar-surface exposure, the wrist ring disconnects on the Commander's and LMP's suits were hard to rotate into the locked position and very difficult to rotate out.",,Lunar soil (dust) contamination in the small clearance/sliding surfaces of the wrist disconnect; the loose gauntlet let dirt reach the disconnect.,high,false,false,,,Anomaly 14.3.4 (GFE/EVA suit).
A16-020,Apollo 16,,,ALSEP,true,"Heat flow experiment cable broke when the Commander's legs became entangled in it during ALSEP deployment, resulting in loss of the heat flow experiment.",,Crew (Young) inadvertently snagged and broke the heat flow experiment cable at the connector; break was self-evident on the surface. No corrective action - experiment not reflown.,high,false,true,,,"Anomaly 14.4.1. Crew recognized the cable break immediately on the surface; cause self-evident, so no CapCom diagnosis exchange to count (turns remain -1)."
A16-021,Apollo 16,,,SIM-bay,false,"Erratic laser altimeter photomultiplier tube voltage during lunar-orbit operations, degrading altimeter data.",,"Documented in Section 14.5.5; PMT high-voltage anomaly progressively degraded/lost laser altimeter data (related to laser output degradation, 14.5.3).",high,,false,,,Anomaly 14.5.5 (orbital experiment / SIM bay laser altimeter).
A16-022,Apollo 16,,,LRV,true,"On the initial drive from the LM, the lunar roving vehicle rear steering was inoperative; the crew drove on front steering only, and rear steering later began working on its own.",,Cause never determined; rear steering spontaneously became operative later in the traverse (possible cold/viscous lubricant or intermittent connection; report notes numerous failure possibilities in the steering electronics).,high,false,false,,,"Anomaly 14.6.2. Crew-detected on the surface but it self-cleared with no formal CapCom diagnosis; cause never found. No crew-report->CapCom-diagnosis exchange to count, so -1."
A17-001,Apollo 17,,,EPS,true,Several spurious master alarms without accompanying caution/warning lights after earth-orbit insertion; alarms could be initiated by tapping on panel 2; main bus A undervoltage light flickered coincident with one alarm; some alarms coincided with moving the cryogenic pressure indicator switch to position 1/2.,,"Intermittent zero-g-dependent short-to-ground on panel 2 wiring in the main bus A undervoltage / cryogenic pressure indicator circuits; postflight inspection of panel 2 wiring and the reset switch found no contamination. Nuisance only, valid warnings not inhibitable; no corrective action. Closed.",high,true,true,,,Anomaly 15.1.1. Crew localized the source region (panel 2) in flight by tapping; true root cause never conclusively isolated even postflight. No quoted crew-report->CapCom-diagnosis exchange located within fetch budget.
A17-002,Apollo 17,,,instrumentation,true,Lower-equipment-bay mission timer was 15 seconds slow at 1 hour 58 minutes after lift-off; crew reset it and it worked properly for the rest of the mission.,,"Most probable cause an intermittent in one of the timer's integrated circuits, possibly from mechanical imperfections in circuit construction; postflight testing normal. Redundant timers exist; no corrective action. Closed.",high,true,false,,,Anomaly 15.1.2. Crew reset symptom in flight; cause determined postflight.
A17-003,Apollo 17,,,SIM-bay,false,"Retract limit sensing switch on lunar sounder HF antenna boom 1 failed to operate, giving telemetry and CM display data indicating the boom had not fully retracted (motor current showed it actually had retracted).",,"Confined to the retract limit-switch system (abnormal cam-follower friction, defective spring, hole misalignment, or internal switch malfunction); no most-likely cause established. Device not flown again. Closed.",high,,false,,,Anomaly 15.1.3. Telemetry/display-detected.
A17-004,Apollo 17,,,SIM-bay,true,Lunar sounder HF antenna boom 2 extension at ~191:38 required more time than expected; motor stalled after ~half deployment; motion re-established by cycling the power switch until fully deployed; condition repeated on subsequent extensions.,,Greater-than-expected motor load from increased/varying friction in the guide/antenna forming assembly in the thermal/vacuum environment (a recurring Apollo mechanism peculiarity). Not used again. Closed.,high,false,false,,,Anomaly 15.1.4. Crew worked around it by power cycling; cause from postflight analysis.
A17-005,Apollo 17,,,GNC,true,"Entry monitor system accelerometer null bias shifted before the transearth midcourse correction (nominal +0.01 ft/sec2, rose to +0.66, then +0.20 ft/sec2 after the maneuver); the 0.05g light illuminated erroneously during the pre-entry EMS self-test.",,"Candidate causes: contaminant particle/bubble in the accelerometer damping fluid, intermittent open in the temperature-compensation circuit, or intermittent short in the 12-position function switch; none confirmed (postflight tests normal). EMS is a backup; entry procedures revised in flight to circumvent premature 0.05g. Closed.",high,true,false,,,Anomaly 15.1.5. Crew observed the 0.05g light and revised procedures in flight; root cause never established.
A17-006,Apollo 17,,,ECLSS,true,Leakage in and around the chlorine injector casing assembly and occasional difficulty rotating the knob that advances the injector piston; 6 of 13 chlorine and 5 of 13 buffer ampules had bladder tears.,,A changed bladder-bonding process created a high-stress tension-to-shear transition region so bladders tore at the adhesive-bond periphery when pressurized with the end cap free; a bent injector outer needle also tore gland septums. Skylab/ASTP procedures and needle inspection revised. Closed.,high,true,false,,,Anomaly 15.1.6. Crew noticed leakage/knob difficulty; cause found postflight.
A17-007,Apollo 17,,,SIM-bay,false,Photography taken from the LM during rendezvous showed the mapping-camera reaction-control-system plume shield door in the open position with the mapping camera retracted (the spring-loaded door should close on retraction).,,"Problem is with the door itself; friction between sliding metal surfaces likely significantly increased by the space environment (common factor with other Apollo 15/16/17 mechanism anomalies), not duplicated in ground testing. Last mission; no further action. Closed.",high,,false,,,Anomaly 15.1.7. Photo-detected postflight/during rendezvous imagery.
A17-008,Apollo 17,,,EPS,false,Cryogenic hydrogen tanks 1 and 2 automatic pressure operating deadband decreased from ~16 psi to ~3 psi after about 12-13 hours and recurred later; hydrogen pressure then maintained by manual fan operation for the rest of the mission.,,"Hard particles/burrs (from toggle-plate coining) floating in the pressure-switch stop mechanism under zero-g, variably restricting stop travel and shifting the switch set points. Manual control adequate for Skylab/ASTP; no further inspection. Closed.",high,,false,,,Anomaly 15.1.8. Telemetry-detected.
A17-009,Apollo 17,,,instrumentation,false,Erroneous readings occurred on several command/service module one-sample-per-second measurements between 191:40:39 and 191:42:32; data from two ground stations showed the problem was on the downlink signal (PCM).,,Problem in the pulse-code-modulation timing pulse network that controls the word matrices; postflight shock and vibration bench tests operated normally. Anomaly left OPEN (workaround considered for Skylab/ASTP).,high,,false,,,Anomaly 15.1.9. One of the few explicitly left OPEN in the report; telemetry/ground-station detected.
A17-010,Apollo 17,,,ECLSS,false,During four early lunar-orbit revolutions the water/glycol temperature control valve failed to open properly as radiator outlet temperature decreased; mixed coolant momentarily fell up to 4 F below the 42-48 F control band during mixing startup.,,"Slight sticking of the valve gear train after being driven hard against the full-closed stop during hot lunar-orbit periods; non-tangent gear pitch circles cause sliding rather than rolling (scraped dry lubricant), raising friction. Self-corrected on later orbits; manual clutch disengagement available. Closed.",high,,false,,,Anomaly 15.1.10. Telemetry-detected; self-corrected.
A17-011,Apollo 17,,,EPS,false,"At approximately 108:06 the lunar module battery 3 and battery 4 voltage telemetry differed by ~0.5 V (battery 3 higher); the paralleled batteries should read equal, and no reverse-current battery-malfunction alarm occurred.",,Battery 4 voltage readout was not a true reading; a ~1% resistance increase in the signal-conditioner input resistive divider network (or a failure in the zero-adjust network) accounts for the offset; battery 4 was actually delivering positive current. Not flown again. Closed.,high,,false,,,Anomaly 15.2.1. Telemetry-detected; a measurement (not battery) fault.
A17-012,Apollo 17,,,ECLSS,false,"While using oxygen demand regulator A for cabin depressurization before the third EVA, data showed the suit loop leaking at 0.04 lb/hr; the crew switched to regulator B for the remainder of the mission.",,"Contamination of the regulator A ball/poppet seat (a ~2.5-micron particle lodged between poppet and seat), or an inadvertently bumped regulator handle (considered unlikely). Not used on future spacecraft. Closed.",high,,false,,,Anomaly 15.2.2. Data-detected; crew mitigated by switching regulators.
A17-013,Apollo 17,,,comms,true,"At 253:44 during preparation for the transearth-coast EVA, the Command Module Pilot (Evans) could not hear the caution/warning tone in his communications carrier, although transmission and reception were normal; he used the Lunar Module Pilot's communications carrier for the EVA.",,"Two of nine pigtail leads (carrying the caution/warning tone and left-earphone circuits) broke ~1/4 inch below the flex-relief potting, from repeated twisting/knotting because the carrier harness was unrestrained (CMP was not wearing the coverall/harness restraint). Skylab training/procedures revised. Closed.",high,true,true,,,"Anomaly 15.3.1 (government-furnished equipment). CMP found the broken leads himself in flight by partially removing the pigtail sleeve after the EVA; no quoted crew-report->CapCom-diagnosis air-to-ground exchange located within the ~2-fetch budget, so turns left at -1."
A17-014,Apollo 17,,,ALSEP,false,"After initial turn-on, the lunar surface gravimeter sensor beam capacitor plate could not be centered/stabilized between the fixed capacitor plates; even with all masses commanded on, the beam would not move off the upper plate and could only be brought down by caging it against the lower plate.",,"A mathematical error in the 1-g to 1/6-g mass conversion made the sensor mass weights ~2% too light, beyond the +/-1.5% ground-command adjustment range. Beam later balanced by special caging of the mass assembly, but with considerably reduced sensitivity. Closed.",high,,false,,,Anomaly 15.4.1. Data/ground-detected; design/calculation error.
A17-015,Apollo 17,,,ALSEP,false,"Surface Electrical Properties (SEP) receiver temperature rose to ~80 F during the rest period instead of dropping to ~28 F, and dropped only ~8 F between the second and third EVAs instead of the expected 50-60 F.",,"Lunar dust accumulated on the optical solar reflector (mirror) because the Velcro pad bonds holding the Kapton thermal-bag flaps had failed (weak bond from improper bonding preparation), degrading thermal control. Closed.",high,,false,,,Anomaly 15.4.2. Telemetry-detected.
A17-016,Apollo 17,,,ALSEP,false,Lunar Ejecta And Meteorite (LEAM) experiment temperature ran higher than predicted during the first and second lunar days across all modes and cover configurations; it had to be commanded off at high sun angles to stay within survival limits.,,Postulated accretion of lunar dust on the east/west sensor film and grid (driven by charge differential near the terminator when the experiment is on) degrading the thermal-control surfaces; science data indicated normal operation. Mitigated by turning the experiment off at each sunrise/sunset. Closed.,high,,false,,,Anomaly 15.4.3. Telemetry-detected.
A17-017,Apollo 17,118:46:35,118:46:46,ALSEP,true,"During EVA-1 ALSEP off-load the Lunar Module Pilot (Schmitt) could not remove the RTG (SNAP-27) fuel cask dome with the dome removal tool; the tool rotated the retaining nut but never latched into the dome recess and stripped/chewed up the dome, which was then pried/wedged off with the geology hammer.","118:46:35 Schmitt: Gene, I need your hammer. 118:46:46 Schmitt: Well, the dome removal tool never latched into the dome, but it turned it. I think it's pretty badly chewed up. 118:47:44 Cernan: Okay, it's off. It's off. 118:47:51 Parker (CapCom): Roger. Once again we have the right solution.","The removal-tool locking pins did not engage the dome recess (tool not fully inserted/locked), so rotating the tool turned and stripped the threaded dome interface; the sequence is reproducible with broken pins or incomplete pin locking. Cask not flown on future missions. Closed.",high,false,true,1,11,"Anomaly 15.4.4. Crew self-diagnosed in flight (Schmitt) and resolved with the hammer; CapCom (Parker) confirmed the fix rather than diagnosing it. Symptom report (118:46:35) and the diagnostic statement (118:46:46) are consecutive crew utterances 11 s apart, so human_turns_to_diagnosis counted as 1. Source: Apollo 17 ALSJ a17.alsepoff.html."
A17-018,Apollo 17,,,ALSEP,false,"A stable zero offset appeared in part of the Lunar Atmospheric Composition Experiment (LACE) data on the mid-mass and low-mass channels (occasionally the high-mass channel), from background noise in the detector system; no loss of data but additional data-reduction processing required.",,"Electronic noise coupling between the unshielded high-voltage wires and the unshielded collectors in the sensor package; the offset is affected by sensor voltage level but not by ion-source or multiplier commands. Data usable, condition stable; no corrective action. Closed.",high,,false,,,Anomaly 15.4.5. Data-detected.
A17-019,Apollo 17,,,SIM-bay,false,Telemetry from the second panoramic-camera pass on revolution 13 showed the velocity/altitude sensor output was erratic; the spacecraft override switch (preset V/A voltages) was used for the remainder of the mission.,,"Probable downward shift in the scaling of the sensor output signal, most likely from a component failure within the sensor circuitry. Last mission for the panoramic camera; no further investigation. Closed.",high,,false,,,Anomaly 15.5.1. Telemetry-detected.
A17-020,Apollo 17,,,SIM-bay,false,A mapping-camera telemetry channel whose pulse confirms film exposure failed to produce the exposure pulse at the lower light levels; a processed metric test strip showed the film had actually been properly exposed.,,"Threshold shift in the light-sensor circuitry (photodiode failure, or a change in the amplifier / one-shot multivibrator or the circuitry between them); similar to Apollo 15/16. Last mission for the camera; no further analysis. Closed.",high,,false,,,Anomaly 15.5.2. Telemetry-detected; instrumentation-only (imagery unaffected).
A17-021,Apollo 17,,,SIM-bay,false,The panoramic camera lost its stereo capability 8 minutes before completing its final lunar-orbit photographic pass; two independent telemetry points showed the lens assembly had ceased to gimbal; monographic photography continued but with degraded forward-motion compensation.,,"Failure in the gimbal drive motor (limited-life motor brushes, most likely) or its power circuitry. Last mission for the camera; no further analysis. Closed.",high,,false,,,Anomaly 15.5.3. Telemetry-detected.
A17-022,Apollo 17,,,SIM-bay,false,"Both ultraviolet spectrometer internal temperature measurements (electronics and motor) failed simultaneously near 282:20, with input current increasing ~4%; science data was unaffected and an external case-mounted temperature sensor continued to work.",,"Failure of a component or a wiring short in the +1-volt reference or the -15-volt supply (circuits common to both temperature signal conditioners), consistent with the simultaneous 1-second failure and current rise. Only mission for the instrument; no further analysis. Closed.",high,,false,,,Anomaly 15.5.4. Telemetry-detected; housekeeping-only.
A17-023,Apollo 17,,,SIM-bay,false,"After nominal first and third extensions, all other mapping-camera deploy and retract times were longer than expected, behavior similar to the Apollo 15 and 16 missions.",,"Cause not identified despite extensive Apollo 15/16 investigations and precautionary fixes (no-back device removal, improved contamination covers, drive-screw lubricant change); most likely increased friction between sliding metal surfaces from a hard vacuum unobtainable in ground testing (common SIM-bay mechanism factor). Last mission for the device. Closed.",high,,false,,,Anomaly 15.5.5. Telemetry-detected; unresolved root cause carried over from Apollo 15/16.
